timestamp_iso,offset_seconds,power_w,voltage_v,current_ma,phase
2026-09-10T02:18:47.106008+00:00,0,0.7,219.8,3.2,Standby
2026-09-10T02:18:49.106008+00:00,2,1.0,219.7,4.6,Standby
2026-09-10T02:18:51.106008+00:00,4,0.6,220.1,2.7,Standby
2026-09-10T02:18:53.106008+00:00,6,0.6,220.6,2.7,Standby
2026-09-10T02:18:55.106008+00:00,8,0.5,219.9,2.3,Standby
2026-09-10T02:18:57.106008+00:00,10,0.9,222.4,4.0,Standby
2026-09-10T02:18:59.106008+00:00,12,0.9,221.0,4.1,Standby
2026-09-10T02:19:01.106008+00:00,14,1.1,218.1,5.0,Standby
2026-09-10T02:19:03.106008+00:00,16,0.8,222.1,3.6,Standby
2026-09-10T02:19:05.106008+00:00,18,0.9,217.7,4.1,Standby
2026-09-10T02:19:07.106008+00:00,20,1.1,219.4,5.0,Standby
2026-09-10T02:19:09.106008+00:00,22,0.8,217.6,3.7,Standby
2026-09-10T02:19:11.106008+00:00,24,0.7,221.3,3.2,Standby
2026-09-10T02:19:13.106008+00:00,26,0.9,221.3,4.1,Standby
2026-09-10T02:19:15.106008+00:00,28,0.9,218.9,4.1,Standby
2026-09-10T02:19:17.106008+00:00,30,0.6,222.4,2.7,Standby
2026-09-10T02:19:19.106008+00:00,32,0.6,221.1,2.7,Standby
2026-09-10T02:19:21.106008+00:00,34,0.8,220.8,3.6,Standby
2026-09-10T02:19:23.106008+00:00,36,0.6,219.6,2.7,Standby
2026-09-10T02:19:25.106008+00:00,38,0.9,219.6,4.1,Standby
2026-09-10T02:19:27.106008+00:00,40,0.6,218.6,2.7,Standby
2026-09-10T02:19:29.106008+00:00,42,0.6,219.8,2.7,Standby
2026-09-10T02:19:31.106008+00:00,44,1.2,219.0,5.5,Standby
2026-09-10T02:19:33.106008+00:00,46,0.8,217.8,3.7,Standby
2026-09-10T02:19:35.106008+00:00,48,1.1,220.7,5.0,Standby
2026-09-10T02:19:37.106008+00:00,50,0.9,219.2,4.1,Standby
2026-09-10T02:19:39.106008+00:00,52,0.6,220.3,2.7,Standby
2026-09-10T02:19:41.106008+00:00,54,0.7,222.2,3.2,Standby
2026-09-10T02:19:43.106008+00:00,56,1.0,221.8,4.5,Standby
2026-09-10T02:19:45.106008+00:00,58,1.2,221.7,5.4,Standby
2026-09-10T02:19:47.106008+00:00,60,18.3,220.2,83.1,Water Fill
2026-09-10T02:19:49.106008+00:00,62,17.5,220.7,79.3,Water Fill
2026-09-10T02:19:51.106008+00:00,64,17.3,221.0,78.3,Water Fill
2026-09-10T02:19:53.106008+00:00,66,19.2,221.2,86.8,Water Fill
2026-09-10T02:19:55.106008+00:00,68,16.9,219.5,77.0,Water Fill
2026-09-10T02:19:57.106008+00:00,70,18.5,218.5,84.7,Water Fill
2026-09-10T02:19:59.106008+00:00,72,18.4,221.7,83.0,Water Fill
2026-09-10T02:20:01.106008+00:00,74,17.0,219.4,77.5,Water Fill
2026-09-10T02:20:03.106008+00:00,76,19.5,220.6,88.4,Water Fill
2026-09-10T02:20:05.106008+00:00,78,16.5,220.6,74.8,Water Fill
2026-09-10T02:20:07.106008+00:00,80,16.6,221.2,75.0,Water Fill
2026-09-10T02:20:09.106008+00:00,82,16.8,217.8,77.1,Water Fill
2026-09-10T02:20:11.106008+00:00,84,17.5,220.9,79.2,Water Fill
2026-09-10T02:20:13.106008+00:00,86,17.0,219.5,77.4,Water Fill
2026-09-10T02:20:15.106008+00:00,88,18.6,221.2,84.1,Water Fill
2026-09-10T02:20:17.106008+00:00,90,19.4,222.5,87.2,Water Fill
2026-09-10T02:20:19.106008+00:00,92,17.9,221.3,80.9,Water Fill
2026-09-10T02:20:21.106008+00:00,94,18.6,218.6,85.1,Water Fill
2026-09-10T02:20:23.106008+00:00,96,19.5,221.4,88.1,Water Fill
2026-09-10T02:20:25.106008+00:00,98,19.3,220.0,87.7,Water Fill
2026-09-10T02:20:27.106008+00:00,100,16.6,222.0,74.8,Water Fill
2026-09-10T02:20:29.106008+00:00,102,17.7,221.8,79.8,Water Fill
2026-09-10T02:20:31.106008+00:00,104,17.8,220.8,80.6,Water Fill
2026-09-10T02:20:33.106008+00:00,106,17.4,218.1,79.8,Water Fill
2026-09-10T02:20:35.106008+00:00,108,18.3,221.8,82.5,Water Fill
2026-09-10T02:20:37.106008+00:00,110,18.5,221.5,83.5,Water Fill
2026-09-10T02:20:39.106008+00:00,112,17.7,220.3,80.3,Water Fill
2026-09-10T02:20:41.106008+00:00,114,18.8,219.7,85.6,Water Fill
2026-09-10T02:20:43.106008+00:00,116,17.0,217.6,78.1,Water Fill
2026-09-10T02:20:45.106008+00:00,118,18.7,217.5,86.0,Water Fill
2026-09-10T02:20:47.106008+00:00,120,18.9,218.6,86.5,Water Fill
2026-09-10T02:20:49.106008+00:00,122,17.9,218.2,82.0,Water Fill
2026-09-10T02:20:51.106008+00:00,124,17.5,218.0,80.3,Water Fill
2026-09-10T02:20:53.106008+00:00,126,17.3,220.0,78.6,Water Fill
2026-09-10T02:20:55.106008+00:00,128,16.7,219.8,76.0,Water Fill
2026-09-10T02:20:57.106008+00:00,130,18.0,221.4,81.3,Water Fill
2026-09-10T02:20:59.106008+00:00,132,17.4,220.7,78.8,Water Fill
2026-09-10T02:21:01.106008+00:00,134,17.0,217.5,78.2,Water Fill
2026-09-10T02:21:03.106008+00:00,136,18.4,219.5,83.8,Water Fill
2026-09-10T02:21:05.106008+00:00,138,18.6,217.6,85.5,Water Fill
2026-09-10T02:21:07.106008+00:00,140,18.8,220.9,85.1,Water Fill
2026-09-10T02:21:09.106008+00:00,142,18.0,218.4,82.4,Water Fill
2026-09-10T02:21:11.106008+00:00,144,16.5,220.0,75.0,Water Fill
2026-09-10T02:21:13.106008+00:00,146,17.6,221.0,79.6,Water Fill
2026-09-10T02:21:15.106008+00:00,148,17.5,220.7,79.3,Water Fill
2026-09-10T02:21:17.106008+00:00,150,17.6,221.3,79.5,Water Fill
2026-09-10T02:21:19.106008+00:00,152,18.2,219.7,82.8,Water Fill
2026-09-10T02:21:21.106008+00:00,154,16.9,219.7,76.9,Water Fill
2026-09-10T02:21:23.106008+00:00,156,17.3,221.4,78.1,Water Fill
2026-09-10T02:21:25.106008+00:00,158,18.8,219.1,85.8,Water Fill
2026-09-10T02:21:27.106008+00:00,160,16.6,219.2,75.7,Water Fill
2026-09-10T02:21:29.106008+00:00,162,18.8,219.4,85.7,Water Fill
2026-09-10T02:21:31.106008+00:00,164,17.0,219.0,77.6,Water Fill
2026-09-10T02:21:33.106008+00:00,166,19.2,221.0,86.9,Water Fill
2026-09-10T02:21:35.106008+00:00,168,16.5,220.8,74.7,Water Fill
2026-09-10T02:21:37.106008+00:00,170,19.1,218.7,87.3,Water Fill
2026-09-10T02:21:39.106008+00:00,172,16.7,221.8,75.3,Water Fill
2026-09-10T02:21:41.106008+00:00,174,18.2,220.2,82.7,Water Fill
2026-09-10T02:21:43.106008+00:00,176,17.1,222.3,76.9,Water Fill
2026-09-10T02:21:45.106008+00:00,178,17.9,222.0,80.6,Water Fill
2026-09-10T02:21:47.106008+00:00,180,157.1,221.6,708.9,Wash Agitation
2026-09-10T02:21:49.106008+00:00,182,174.4,219.2,795.6,Wash Agitation
2026-09-10T02:21:51.106008+00:00,184,191.3,220.5,867.6,Wash Agitation
2026-09-10T02:21:53.106008+00:00,186,195.5,220.4,887.0,Wash Agitation
2026-09-10T02:21:55.106008+00:00,188,211.3,217.8,970.2,Wash Agitation
2026-09-10T02:21:57.106008+00:00,190,235.0,221.0,1063.3,Wash Agitation
2026-09-10T02:21:59.106008+00:00,192,245.9,217.5,1130.6,Wash Agitation
2026-09-10T02:22:01.106008+00:00,194,258.7,219.0,1181.3,Wash Agitation
2026-09-10T02:22:03.106008+00:00,196,262.3,219.2,1196.6,Wash Agitation
2026-09-10T02:22:05.106008+00:00,198,234.8,219.2,1071.2,Wash Agitation
2026-09-10T02:22:07.106008+00:00,200,252.2,218.3,1155.3,Wash Agitation
2026-09-10T02:22:09.106008+00:00,202,230.6,218.9,1053.4,Wash Agitation
2026-09-10T02:22:11.106008+00:00,204,202.8,222.0,913.5,Wash Agitation
2026-09-10T02:22:13.106008+00:00,206,204.0,221.1,922.7,Wash Agitation
2026-09-10T02:22:15.106008+00:00,208,192.9,220.7,874.0,Wash Agitation
2026-09-10T02:22:17.106008+00:00,210,185.8,219.0,848.4,Wash Agitation
2026-09-10T02:22:19.106008+00:00,212,177.3,222.2,797.9,Wash Agitation
2026-09-10T02:22:21.106008+00:00,214,165.0,217.7,757.9,Wash Agitation
2026-09-10T02:22:23.106008+00:00,216,170.2,218.9,777.5,Wash Agitation
2026-09-10T02:22:25.106008+00:00,218,190.4,219.7,866.6,Wash Agitation
2026-09-10T02:22:27.106008+00:00,220,220.5,219.5,1004.6,Wash Agitation
2026-09-10T02:22:29.106008+00:00,222,215.9,221.3,975.6,Wash Agitation
2026-09-10T02:22:31.106008+00:00,224,225.8,219.9,1026.8,Wash Agitation
2026-09-10T02:22:33.106008+00:00,226,233.9,218.2,1072.0,Wash Agitation
2026-09-10T02:22:35.106008+00:00,228,237.4,219.6,1081.1,Wash Agitation
2026-09-10T02:22:37.106008+00:00,230,235.0,222.0,1058.6,Wash Agitation
2026-09-10T02:22:39.106008+00:00,232,244.4,221.4,1103.9,Wash Agitation
2026-09-10T02:22:41.106008+00:00,234,212.6,218.7,972.1,Wash Agitation
2026-09-10T02:22:43.106008+00:00,236,204.2,219.7,929.4,Wash Agitation
2026-09-10T02:22:45.106008+00:00,238,203.8,219.9,926.8,Wash Agitation
2026-09-10T02:22:47.106008+00:00,240,188.2,220.3,854.3,Wash Agitation
2026-09-10T02:22:49.106008+00:00,242,178.1,218.4,815.5,Wash Agitation
2026-09-10T02:22:51.106008+00:00,244,157.2,219.6,715.8,Wash Agitation
2026-09-10T02:22:53.106008+00:00,246,167.6,219.2,764.6,Wash Agitation
2026-09-10T02:22:55.106008+00:00,248,178.4,217.6,819.9,Wash Agitation
2026-09-10T02:22:57.106008+00:00,250,193.9,220.9,877.8,Wash Agitation
2026-09-10T02:22:59.106008+00:00,252,214.9,221.7,969.3,Wash Agitation
2026-09-10T02:23:01.106008+00:00,254,220.3,219.4,1004.1,Wash Agitation
2026-09-10T02:23:03.106008+00:00,256,253.3,219.9,1151.9,Wash Agitation
2026-09-10T02:23:05.106008+00:00,258,259.4,221.3,1172.2,Wash Agitation
2026-09-10T02:23:07.106008+00:00,260,254.6,219.1,1162.0,Wash Agitation
2026-09-10T02:23:09.106008+00:00,262,242.1,221.3,1094.0,Wash Agitation
2026-09-10T02:23:11.106008+00:00,264,230.2,221.1,1041.2,Wash Agitation
2026-09-10T02:23:13.106008+00:00,266,213.7,217.6,982.1,Wash Agitation
2026-09-10T02:23:15.106008+00:00,268,194.5,220.7,881.3,Wash Agitation
2026-09-10T02:23:17.106008+00:00,270,192.3,222.4,864.7,Wash Agitation
2026-09-10T02:23:19.106008+00:00,272,176.7,220.4,801.7,Wash Agitation
2026-09-10T02:23:21.106008+00:00,274,161.7,218.1,741.4,Wash Agitation
2026-09-10T02:23:23.106008+00:00,276,169.0,218.7,772.7,Wash Agitation
2026-09-10T02:23:25.106008+00:00,278,178.3,219.8,811.2,Wash Agitation
2026-09-10T02:23:27.106008+00:00,280,199.3,219.6,907.6,Wash Agitation
2026-09-10T02:23:29.106008+00:00,282,200.6,219.2,915.1,Wash Agitation
2026-09-10T02:23:31.106008+00:00,284,217.5,221.9,980.2,Wash Agitation
2026-09-10T02:23:33.106008+00:00,286,239.0,219.4,1089.3,Wash Agitation
2026-09-10T02:23:35.106008+00:00,288,251.3,221.3,1135.6,Wash Agitation
2026-09-10T02:23:37.106008+00:00,290,244.3,222.0,1100.5,Wash Agitation
2026-09-10T02:23:39.106008+00:00,292,241.3,218.3,1105.4,Wash Agitation
2026-09-10T02:23:41.106008+00:00,294,249.8,219.6,1137.5,Wash Agitation
2026-09-10T02:23:43.106008+00:00,296,243.8,219.9,1108.7,Wash Agitation
2026-09-10T02:23:45.106008+00:00,298,206.0,219.3,939.4,Wash Agitation
2026-09-10T02:23:47.106008+00:00,300,190.3,217.9,873.3,Wash Agitation
2026-09-10T02:23:49.106008+00:00,302,185.9,221.9,837.8,Wash Agitation
2026-09-10T02:23:51.106008+00:00,304,163.4,221.9,736.4,Wash Agitation
2026-09-10T02:23:53.106008+00:00,306,172.7,221.3,780.4,Wash Agitation
2026-09-10T02:23:55.106008+00:00,308,184.7,219.7,840.7,Wash Agitation
2026-09-10T02:23:57.106008+00:00,310,174.4,219.6,794.2,Wash Agitation
2026-09-10T02:23:59.106008+00:00,312,185.3,221.8,835.4,Wash Agitation
2026-09-10T02:24:01.106008+00:00,314,219.0,221.9,986.9,Wash Agitation
2026-09-10T02:24:03.106008+00:00,316,223.4,221.4,1009.0,Wash Agitation
2026-09-10T02:24:05.106008+00:00,318,240.4,219.9,1093.2,Wash Agitation
2026-09-10T02:24:07.106008+00:00,320,237.9,218.4,1089.3,Wash Agitation
2026-09-10T02:24:09.106008+00:00,322,249.8,219.5,1138.0,Wash Agitation
2026-09-10T02:24:11.106008+00:00,324,246.4,219.9,1120.5,Wash Agitation
2026-09-10T02:24:13.106008+00:00,326,229.0,220.1,1040.4,Wash Agitation
2026-09-10T02:24:15.106008+00:00,328,229.1,219.3,1044.7,Wash Agitation
2026-09-10T02:24:17.106008+00:00,330,202.4,219.7,921.3,Wash Agitation
2026-09-10T02:24:19.106008+00:00,332,184.6,218.5,844.9,Wash Agitation
2026-09-10T02:24:21.106008+00:00,334,185.3,221.5,836.6,Wash Agitation
2026-09-10T02:24:23.106008+00:00,336,169.3,221.4,764.7,Wash Agitation
2026-09-10T02:24:25.106008+00:00,338,174.2,218.6,796.9,Wash Agitation
2026-09-10T02:24:27.106008+00:00,340,174.1,218.0,798.6,Wash Agitation
2026-09-10T02:24:29.106008+00:00,342,188.4,218.9,860.7,Wash Agitation
2026-09-10T02:24:31.106008+00:00,344,194.2,222.2,874.0,Wash Agitation
2026-09-10T02:24:33.106008+00:00,346,203.4,221.5,918.3,Wash Agitation
2026-09-10T02:24:35.106008+00:00,348,225.1,218.1,1032.1,Wash Agitation
2026-09-10T02:24:37.106008+00:00,350,241.3,220.3,1095.3,Wash Agitation
2026-09-10T02:24:39.106008+00:00,352,256.7,220.1,1166.3,Wash Agitation
2026-09-10T02:24:41.106008+00:00,354,252.0,218.7,1152.3,Wash Agitation
2026-09-10T02:24:43.106008+00:00,356,247.1,221.5,1115.6,Wash Agitation
2026-09-10T02:24:45.106008+00:00,358,228.5,218.4,1046.2,Wash Agitation
2026-09-10T02:24:47.106008+00:00,360,226.1,220.7,1024.5,Wash Agitation
2026-09-10T02:24:49.106008+00:00,362,190.1,222.0,856.3,Wash Agitation
2026-09-10T02:24:51.106008+00:00,364,182.5,219.4,831.8,Wash Agitation
2026-09-10T02:24:53.106008+00:00,366,190.3,222.5,855.3,Wash Agitation
2026-09-10T02:24:55.106008+00:00,368,175.1,221.5,790.5,Wash Agitation
2026-09-10T02:24:57.106008+00:00,370,174.8,219.7,795.6,Wash Agitation
2026-09-10T02:24:59.106008+00:00,372,165.3,221.5,746.3,Wash Agitation
2026-09-10T02:25:01.106008+00:00,374,198.2,218.7,906.3,Wash Agitation
2026-09-10T02:25:03.106008+00:00,376,191.0,221.1,863.9,Wash Agitation
2026-09-10T02:25:05.106008+00:00,378,222.6,221.8,1003.6,Wash Agitation
2026-09-10T02:25:07.106008+00:00,380,225.6,221.2,1019.9,Wash Agitation
2026-09-10T02:25:09.106008+00:00,382,232.1,220.6,1052.1,Wash Agitation
2026-09-10T02:25:11.106008+00:00,384,248.8,221.7,1122.2,Wash Agitation
2026-09-10T02:25:13.106008+00:00,386,261.9,218.5,1198.6,Wash Agitation
2026-09-10T02:25:15.106008+00:00,388,233.5,220.4,1059.4,Wash Agitation
2026-09-10T02:25:17.106008+00:00,390,222.1,219.3,1012.8,Wash Agitation
2026-09-10T02:25:19.106008+00:00,392,228.3,220.0,1037.7,Wash Agitation
2026-09-10T02:25:21.106008+00:00,394,212.0,218.1,972.0,Wash Agitation
2026-09-10T02:25:23.106008+00:00,396,188.7,221.4,852.3,Wash Agitation
2026-09-10T02:25:25.106008+00:00,398,183.4,221.2,829.1,Wash Agitation
2026-09-10T02:25:27.106008+00:00,400,178.1,217.8,817.7,Wash Agitation
2026-09-10T02:25:29.106008+00:00,402,181.9,219.6,828.3,Wash Agitation
2026-09-10T02:25:31.106008+00:00,404,192.0,219.7,873.9,Wash Agitation
2026-09-10T02:25:33.106008+00:00,406,199.6,220.6,904.8,Wash Agitation
2026-09-10T02:25:35.106008+00:00,408,212.8,221.7,959.9,Wash Agitation
2026-09-10T02:25:37.106008+00:00,410,207.8,221.4,938.6,Wash Agitation
2026-09-10T02:25:39.106008+00:00,412,239.6,219.1,1093.6,Wash Agitation
2026-09-10T02:25:41.106008+00:00,414,232.5,221.0,1052.0,Wash Agitation
2026-09-10T02:25:43.106008+00:00,416,258.1,220.1,1172.6,Wash Agitation
2026-09-10T02:25:45.106008+00:00,418,261.2,221.8,1177.6,Wash Agitation
2026-09-10T02:25:47.106008+00:00,420,229.3,220.9,1038.0,Wash Agitation
2026-09-10T02:25:49.106008+00:00,422,218.0,219.6,992.7,Wash Agitation
2026-09-10T02:25:51.106008+00:00,424,202.7,217.7,931.1,Wash Agitation
2026-09-10T02:25:53.106008+00:00,426,198.7,218.7,908.6,Wash Agitation
2026-09-10T02:25:55.106008+00:00,428,175.6,220.0,798.2,Wash Agitation
2026-09-10T02:25:57.106008+00:00,430,181.7,222.0,818.5,Wash Agitation
2026-09-10T02:25:59.106008+00:00,432,173.9,221.1,786.5,Wash Agitation
2026-09-10T02:26:01.106008+00:00,434,177.2,221.6,799.6,Wash Agitation
2026-09-10T02:26:03.106008+00:00,436,179.1,218.7,818.9,Wash Agitation
2026-09-10T02:26:05.106008+00:00,438,195.7,217.9,898.1,Wash Agitation
2026-09-10T02:26:07.106008+00:00,440,208.1,220.8,942.5,Wash Agitation
2026-09-10T02:26:09.106008+00:00,442,224.1,222.3,1008.1,Wash Agitation
2026-09-10T02:26:11.106008+00:00,444,242.5,218.3,1110.9,Wash Agitation
2026-09-10T02:26:13.106008+00:00,446,245.1,217.9,1124.8,Wash Agitation
2026-09-10T02:26:15.106008+00:00,448,245.2,217.8,1125.8,Wash Agitation
2026-09-10T02:26:17.106008+00:00,450,232.7,220.4,1055.8,Wash Agitation
2026-09-10T02:26:19.106008+00:00,452,238.4,222.1,1073.4,Wash Agitation
2026-09-10T02:26:21.106008+00:00,454,228.2,219.6,1039.2,Wash Agitation
2026-09-10T02:26:23.106008+00:00,456,197.3,219.0,900.9,Wash Agitation
2026-09-10T02:26:25.106008+00:00,458,197.9,222.2,890.6,Wash Agitation
2026-09-10T02:26:27.106008+00:00,460,181.5,219.3,827.6,Wash Agitation
2026-09-10T02:26:29.106008+00:00,462,186.4,218.0,855.0,Wash Agitation
2026-09-10T02:26:31.106008+00:00,464,171.5,218.4,785.3,Wash Agitation
2026-09-10T02:26:33.106008+00:00,466,167.6,221.7,756.0,Wash Agitation
2026-09-10T02:26:35.106008+00:00,468,171.1,218.1,784.5,Wash Agitation
2026-09-10T02:26:37.106008+00:00,470,196.1,221.4,885.7,Wash Agitation
2026-09-10T02:26:39.106008+00:00,472,207.2,219.7,943.1,Wash Agitation
2026-09-10T02:26:41.106008+00:00,474,226.8,222.0,1021.6,Wash Agitation
2026-09-10T02:26:43.106008+00:00,476,247.2,221.0,1118.6,Wash Agitation
2026-09-10T02:26:45.106008+00:00,478,241.0,221.1,1090.0,Wash Agitation
2026-09-10T02:26:47.106008+00:00,480,1.6,221.9,7.2,Soak Period
2026-09-10T02:26:49.106008+00:00,482,1.8,221.0,8.1,Soak Period
2026-09-10T02:26:51.106008+00:00,484,1.1,222.1,5.0,Soak Period
2026-09-10T02:26:53.106008+00:00,486,1.4,217.9,6.4,Soak Period
2026-09-10T02:26:55.106008+00:00,488,1.5,221.4,6.8,Soak Period
2026-09-10T02:26:57.106008+00:00,490,1.4,220.0,6.4,Soak Period
2026-09-10T02:26:59.106008+00:00,492,2.1,218.5,9.6,Soak Period
2026-09-10T02:27:01.106008+00:00,494,0.9,220.6,4.1,Soak Period
2026-09-10T02:27:03.106008+00:00,496,1.0,219.9,4.5,Soak Period
2026-09-10T02:27:05.106008+00:00,498,1.7,219.1,7.8,Soak Period
2026-09-10T02:27:07.106008+00:00,500,1.8,220.0,8.2,Soak Period
2026-09-10T02:27:09.106008+00:00,502,1.4,218.1,6.4,Soak Period
2026-09-10T02:27:11.106008+00:00,504,1.7,219.0,7.8,Soak Period
2026-09-10T02:27:13.106008+00:00,506,2.0,217.6,9.2,Soak Period
2026-09-10T02:27:15.106008+00:00,508,2.1,219.3,9.6,Soak Period
2026-09-10T02:27:17.106008+00:00,510,1.7,221.2,7.7,Soak Period
2026-09-10T02:27:19.106008+00:00,512,1.2,220.1,5.5,Soak Period
2026-09-10T02:27:21.106008+00:00,514,2.1,220.4,9.5,Soak Period
2026-09-10T02:27:23.106008+00:00,516,0.9,222.5,4.0,Soak Period
2026-09-10T02:27:25.106008+00:00,518,1.6,222.0,7.2,Soak Period
2026-09-10T02:27:27.106008+00:00,520,1.7,219.6,7.7,Soak Period
2026-09-10T02:27:29.106008+00:00,522,1.3,221.7,5.9,Soak Period
2026-09-10T02:27:31.106008+00:00,524,1.9,218.1,8.7,Soak Period
2026-09-10T02:27:33.106008+00:00,526,2.1,219.9,9.5,Soak Period
2026-09-10T02:27:35.106008+00:00,528,0.9,222.2,4.1,Soak Period
2026-09-10T02:27:37.106008+00:00,530,1.0,218.2,4.6,Soak Period
2026-09-10T02:27:39.106008+00:00,532,1.5,221.3,6.8,Soak Period
2026-09-10T02:27:41.106008+00:00,534,0.9,220.4,4.1,Soak Period
2026-09-10T02:27:43.106008+00:00,536,1.7,220.8,7.7,Soak Period
2026-09-10T02:27:45.106008+00:00,538,0.9,218.8,4.1,Soak Period
2026-09-10T02:27:47.106008+00:00,540,1.7,221.2,7.7,Soak Period
2026-09-10T02:27:49.106008+00:00,542,2.0,221.3,9.0,Soak Period
2026-09-10T02:27:51.106008+00:00,544,1.1,219.0,5.0,Soak Period
2026-09-10T02:27:53.106008+00:00,546,2.1,220.4,9.5,Soak Period
2026-09-10T02:27:55.106008+00:00,548,2.0,219.5,9.1,Soak Period
2026-09-10T02:27:57.106008+00:00,550,1.5,218.7,6.9,Soak Period
2026-09-10T02:27:59.106008+00:00,552,2.0,219.9,9.1,Soak Period
2026-09-10T02:28:01.106008+00:00,554,2.1,221.2,9.5,Soak Period
2026-09-10T02:28:03.106008+00:00,556,1.7,221.7,7.7,Soak Period
2026-09-10T02:28:05.106008+00:00,558,0.8,221.8,3.6,Soak Period
2026-09-10T02:28:07.106008+00:00,560,2.0,218.9,9.1,Soak Period
2026-09-10T02:28:09.106008+00:00,562,1.2,219.3,5.5,Soak Period
2026-09-10T02:28:11.106008+00:00,564,1.0,219.5,4.6,Soak Period
2026-09-10T02:28:13.106008+00:00,566,1.8,220.4,8.2,Soak Period
2026-09-10T02:28:15.106008+00:00,568,2.0,219.0,9.1,Soak Period
2026-09-10T02:28:17.106008+00:00,570,1.5,219.8,6.8,Soak Period
2026-09-10T02:28:19.106008+00:00,572,1.2,218.1,5.5,Soak Period
2026-09-10T02:28:21.106008+00:00,574,2.0,219.2,9.1,Soak Period
2026-09-10T02:28:23.106008+00:00,576,1.8,218.8,8.2,Soak Period
2026-09-10T02:28:25.106008+00:00,578,1.5,221.4,6.8,Soak Period
2026-09-10T02:28:27.106008+00:00,580,1.1,217.6,5.1,Soak Period
2026-09-10T02:28:29.106008+00:00,582,1.1,219.7,5.0,Soak Period
2026-09-10T02:28:31.106008+00:00,584,1.0,222.0,4.5,Soak Period
2026-09-10T02:28:33.106008+00:00,586,1.8,221.6,8.1,Soak Period
2026-09-10T02:28:35.106008+00:00,588,0.8,221.3,3.6,Soak Period
2026-09-10T02:28:37.106008+00:00,590,1.7,218.8,7.8,Soak Period
2026-09-10T02:28:39.106008+00:00,592,2.1,222.0,9.5,Soak Period
2026-09-10T02:28:41.106008+00:00,594,1.7,221.2,7.7,Soak Period
2026-09-10T02:28:43.106008+00:00,596,1.7,218.7,7.8,Soak Period
2026-09-10T02:28:45.106008+00:00,598,1.7,220.9,7.7,Soak Period
2026-09-10T02:28:47.106008+00:00,600,1.6,221.8,7.2,Soak Period
2026-09-10T02:28:49.106008+00:00,602,1.8,220.0,8.2,Soak Period
2026-09-10T02:28:51.106008+00:00,604,0.8,217.9,3.7,Soak Period
2026-09-10T02:28:53.106008+00:00,606,2.1,222.0,9.5,Soak Period
2026-09-10T02:28:55.106008+00:00,608,1.6,219.1,7.3,Soak Period
2026-09-10T02:28:57.106008+00:00,610,1.9,219.2,8.7,Soak Period
2026-09-10T02:28:59.106008+00:00,612,1.9,221.4,8.6,Soak Period
2026-09-10T02:29:01.106008+00:00,614,1.3,222.3,5.8,Soak Period
2026-09-10T02:29:03.106008+00:00,616,1.5,221.1,6.8,Soak Period
2026-09-10T02:29:05.106008+00:00,618,1.1,222.1,5.0,Soak Period
2026-09-10T02:29:07.106008+00:00,620,1.4,219.3,6.4,Soak Period
2026-09-10T02:29:09.106008+00:00,622,0.9,219.2,4.1,Soak Period
2026-09-10T02:29:11.106008+00:00,624,1.9,220.5,8.6,Soak Period
2026-09-10T02:29:13.106008+00:00,626,0.9,222.3,4.0,Soak Period
2026-09-10T02:29:15.106008+00:00,628,1.6,220.6,7.3,Soak Period
2026-09-10T02:29:17.106008+00:00,630,1.9,221.8,8.6,Soak Period
2026-09-10T02:29:19.106008+00:00,632,2.0,219.7,9.1,Soak Period
2026-09-10T02:29:21.106008+00:00,634,2.0,219.2,9.1,Soak Period
2026-09-10T02:29:23.106008+00:00,636,1.2,220.3,5.4,Soak Period
2026-09-10T02:29:25.106008+00:00,638,1.5,222.2,6.8,Soak Period
2026-09-10T02:29:27.106008+00:00,640,1.5,219.3,6.8,Soak Period
2026-09-10T02:29:29.106008+00:00,642,1.2,222.0,5.4,Soak Period
2026-09-10T02:29:31.106008+00:00,644,1.1,219.8,5.0,Soak Period
2026-09-10T02:29:33.106008+00:00,646,1.7,219.5,7.7,Soak Period
2026-09-10T02:29:35.106008+00:00,648,1.1,219.0,5.0,Soak Period
2026-09-10T02:29:37.106008+00:00,650,2.1,218.4,9.6,Soak Period
2026-09-10T02:29:39.106008+00:00,652,0.9,222.5,4.0,Soak Period
2026-09-10T02:29:41.106008+00:00,654,1.5,219.3,6.8,Soak Period
2026-09-10T02:29:43.106008+00:00,656,1.1,221.0,5.0,Soak Period
2026-09-10T02:29:45.106008+00:00,658,1.4,219.2,6.4,Soak Period
2026-09-10T02:29:47.106008+00:00,660,204.9,222.3,921.7,Rinse & Drain
2026-09-10T02:29:49.106008+00:00,662,198.2,221.6,894.4,Rinse & Drain
2026-09-10T02:29:51.106008+00:00,664,176.3,221.0,797.7,Rinse & Drain
2026-09-10T02:29:53.106008+00:00,666,163.6,220.7,741.3,Rinse & Drain
2026-09-10T02:29:55.106008+00:00,668,131.8,218.2,604.0,Rinse & Drain
2026-09-10T02:29:57.106008+00:00,670,125.1,222.0,563.5,Rinse & Drain
2026-09-10T02:29:59.106008+00:00,672,100.9,218.2,462.4,Rinse & Drain
2026-09-10T02:30:01.106008+00:00,674,114.3,218.3,523.6,Rinse & Drain
2026-09-10T02:30:03.106008+00:00,676,129.0,219.9,586.6,Rinse & Drain
2026-09-10T02:30:05.106008+00:00,678,156.4,220.1,710.6,Rinse & Drain
2026-09-10T02:30:07.106008+00:00,680,182.6,220.4,828.5,Rinse & Drain
2026-09-10T02:30:09.106008+00:00,682,193.0,221.2,872.5,Rinse & Drain
2026-09-10T02:30:11.106008+00:00,684,210.1,217.9,964.2,Rinse & Drain
2026-09-10T02:30:13.106008+00:00,686,204.5,221.8,922.0,Rinse & Drain
2026-09-10T02:30:15.106008+00:00,688,197.2,218.2,903.8,Rinse & Drain
2026-09-10T02:30:17.106008+00:00,690,178.4,219.2,813.9,Rinse & Drain
2026-09-10T02:30:19.106008+00:00,692,150.5,218.8,687.8,Rinse & Drain
2026-09-10T02:30:21.106008+00:00,694,124.9,222.3,561.9,Rinse & Drain
2026-09-10T02:30:23.106008+00:00,696,109.8,219.4,500.5,Rinse & Drain
2026-09-10T02:30:25.106008+00:00,698,106.4,220.3,483.0,Rinse & Drain
2026-09-10T02:30:27.106008+00:00,700,128.0,221.1,578.9,Rinse & Drain
2026-09-10T02:30:29.106008+00:00,702,147.1,218.3,673.8,Rinse & Drain
2026-09-10T02:30:31.106008+00:00,704,171.1,222.3,769.7,Rinse & Drain
2026-09-10T02:30:33.106008+00:00,706,187.5,221.8,845.4,Rinse & Drain
2026-09-10T02:30:35.106008+00:00,708,200.4,221.6,904.3,Rinse & Drain
2026-09-10T02:30:37.106008+00:00,710,210.7,219.4,960.3,Rinse & Drain
2026-09-10T02:30:39.106008+00:00,712,212.9,218.6,973.9,Rinse & Drain
2026-09-10T02:30:41.106008+00:00,714,193.7,222.4,871.0,Rinse & Drain
2026-09-10T02:30:43.106008+00:00,716,170.0,219.1,775.9,Rinse & Drain
2026-09-10T02:30:45.106008+00:00,718,145.2,220.0,660.0,Rinse & Drain
2026-09-10T02:30:47.106008+00:00,720,128.1,220.2,581.7,Rinse & Drain
2026-09-10T02:30:49.106008+00:00,722,109.7,219.6,499.5,Rinse & Drain
2026-09-10T02:30:51.106008+00:00,724,114.7,222.3,516.0,Rinse & Drain
2026-09-10T02:30:53.106008+00:00,726,134.0,221.3,605.5,Rinse & Drain
2026-09-10T02:30:55.106008+00:00,728,148.4,220.4,673.3,Rinse & Drain
2026-09-10T02:30:57.106008+00:00,730,167.3,220.3,759.4,Rinse & Drain
2026-09-10T02:30:59.106008+00:00,732,190.9,220.0,867.7,Rinse & Drain
2026-09-10T02:31:01.106008+00:00,734,204.2,218.7,933.7,Rinse & Drain
2026-09-10T02:31:03.106008+00:00,736,213.2,220.2,968.2,Rinse & Drain
2026-09-10T02:31:05.106008+00:00,738,193.2,219.4,880.6,Rinse & Drain
2026-09-10T02:31:07.106008+00:00,740,178.8,219.4,814.9,Rinse & Drain
2026-09-10T02:31:09.106008+00:00,742,162.7,221.1,735.9,Rinse & Drain
2026-09-10T02:31:11.106008+00:00,744,136.5,217.6,627.3,Rinse & Drain
2026-09-10T02:31:13.106008+00:00,746,119.2,221.7,537.7,Rinse & Drain
2026-09-10T02:31:15.106008+00:00,748,116.2,220.8,526.3,Rinse & Drain
2026-09-10T02:31:17.106008+00:00,750,113.8,222.0,512.6,Rinse & Drain
2026-09-10T02:31:19.106008+00:00,752,138.0,217.7,633.9,Rinse & Drain
2026-09-10T02:31:21.106008+00:00,754,150.8,218.8,689.2,Rinse & Drain
2026-09-10T02:31:23.106008+00:00,756,181.0,218.6,828.0,Rinse & Drain
2026-09-10T02:31:25.106008+00:00,758,209.7,218.9,958.0,Rinse & Drain
2026-09-10T02:31:27.106008+00:00,760,210.3,219.0,960.3,Rinse & Drain
2026-09-10T02:31:29.106008+00:00,762,208.7,220.0,948.6,Rinse & Drain
2026-09-10T02:31:31.106008+00:00,764,187.6,218.2,859.8,Rinse & Drain
2026-09-10T02:31:33.106008+00:00,766,176.6,218.5,808.2,Rinse & Drain
2026-09-10T02:31:35.106008+00:00,768,146.7,218.5,671.4,Rinse & Drain
2026-09-10T02:31:37.106008+00:00,770,129.8,218.0,595.4,Rinse & Drain
2026-09-10T02:31:39.106008+00:00,772,103.4,220.1,469.8,Rinse & Drain
2026-09-10T02:31:41.106008+00:00,774,115.4,218.4,528.4,Rinse & Drain
2026-09-10T02:31:43.106008+00:00,776,115.9,218.1,531.4,Rinse & Drain
2026-09-10T02:31:45.106008+00:00,778,142.2,219.3,648.4,Rinse & Drain
2026-09-10T02:31:47.106008+00:00,780,172.9,219.5,787.7,Rinse & Drain
2026-09-10T02:31:49.106008+00:00,782,201.0,219.2,917.0,Rinse & Drain
2026-09-10T02:31:51.106008+00:00,784,211.3,219.0,964.8,Rinse & Drain
2026-09-10T02:31:53.106008+00:00,786,209.5,220.9,948.4,Rinse & Drain
2026-09-10T02:31:55.106008+00:00,788,192.9,222.4,867.4,Rinse & Drain
2026-09-10T02:31:57.106008+00:00,790,176.8,220.7,801.1,Rinse & Drain
2026-09-10T02:31:59.106008+00:00,792,160.0,219.5,728.9,Rinse & Drain
2026-09-10T02:32:01.106008+00:00,794,129.3,221.8,583.0,Rinse & Drain
2026-09-10T02:32:03.106008+00:00,796,118.3,221.0,535.3,Rinse & Drain
2026-09-10T02:32:05.106008+00:00,798,102.7,218.8,469.4,Rinse & Drain
2026-09-10T02:32:07.106008+00:00,800,121.1,221.9,545.7,Rinse & Drain
2026-09-10T02:32:09.106008+00:00,802,137.5,218.6,629.0,Rinse & Drain
2026-09-10T02:32:11.106008+00:00,804,154.5,220.4,701.0,Rinse & Drain
2026-09-10T02:32:13.106008+00:00,806,181.8,218.7,831.3,Rinse & Drain
2026-09-10T02:32:15.106008+00:00,808,202.0,221.1,913.6,Rinse & Drain
2026-09-10T02:32:17.106008+00:00,810,215.0,220.5,975.1,Rinse & Drain
2026-09-10T02:32:19.106008+00:00,812,201.0,222.2,904.6,Rinse & Drain
2026-09-10T02:32:21.106008+00:00,814,201.9,219.7,919.0,Rinse & Drain
2026-09-10T02:32:23.106008+00:00,816,171.8,221.0,777.4,Rinse & Drain
2026-09-10T02:32:25.106008+00:00,818,148.3,218.3,679.3,Rinse & Drain
2026-09-10T02:32:27.106008+00:00,820,123.0,217.9,564.5,Rinse & Drain
2026-09-10T02:32:29.106008+00:00,822,121.3,221.7,547.1,Rinse & Drain
2026-09-10T02:32:31.106008+00:00,824,117.2,220.0,532.7,Rinse & Drain
2026-09-10T02:32:33.106008+00:00,826,130.2,220.2,591.3,Rinse & Drain
2026-09-10T02:32:35.106008+00:00,828,138.5,218.2,634.7,Rinse & Drain
2026-09-10T02:32:37.106008+00:00,830,160.3,221.0,725.3,Rinse & Drain
2026-09-10T02:32:39.106008+00:00,832,186.6,219.7,849.3,Rinse & Drain
2026-09-10T02:32:41.106008+00:00,834,196.0,220.7,888.1,Rinse & Drain
2026-09-10T02:32:43.106008+00:00,836,215.0,218.6,983.5,Rinse & Drain
2026-09-10T02:32:45.106008+00:00,838,201.1,218.0,922.5,Rinse & Drain
2026-09-10T02:32:47.106008+00:00,840,333.5,219.2,1521.4,Spin Cycle
2026-09-10T02:32:49.106008+00:00,842,336.4,220.2,1527.7,Spin Cycle
2026-09-10T02:32:51.106008+00:00,844,315.2,221.9,1420.5,Spin Cycle
2026-09-10T02:32:53.106008+00:00,846,332.4,221.2,1502.7,Spin Cycle
2026-09-10T02:32:55.106008+00:00,848,333.2,219.4,1518.7,Spin Cycle
2026-09-10T02:32:57.106008+00:00,850,320.0,219.2,1459.9,Spin Cycle
2026-09-10T02:32:59.106008+00:00,852,336.9,222.1,1516.9,Spin Cycle
2026-09-10T02:33:01.106008+00:00,854,345.4,219.0,1577.2,Spin Cycle
2026-09-10T02:33:03.106008+00:00,856,327.1,219.3,1491.6,Spin Cycle
2026-09-10T02:33:05.106008+00:00,858,346.1,218.3,1585.4,Spin Cycle
2026-09-10T02:33:07.106008+00:00,860,346.3,222.4,1557.1,Spin Cycle
2026-09-10T02:33:09.106008+00:00,862,344.4,220.9,1559.1,Spin Cycle
2026-09-10T02:33:11.106008+00:00,864,337.1,218.9,1540.0,Spin Cycle
2026-09-10T02:33:13.106008+00:00,866,348.1,220.7,1577.3,Spin Cycle
2026-09-10T02:33:15.106008+00:00,868,352.4,219.5,1605.5,Spin Cycle
2026-09-10T02:33:17.106008+00:00,870,342.4,219.9,1557.1,Spin Cycle
2026-09-10T02:33:19.106008+00:00,872,343.4,220.6,1556.7,Spin Cycle
2026-09-10T02:33:21.106008+00:00,874,344.6,221.2,1557.9,Spin Cycle
2026-09-10T02:33:23.106008+00:00,876,360.5,218.4,1650.6,Spin Cycle
2026-09-10T02:33:25.106008+00:00,878,359.5,218.6,1644.6,Spin Cycle
2026-09-10T02:33:27.106008+00:00,880,370.6,218.5,1696.1,Spin Cycle
2026-09-10T02:33:29.106008+00:00,882,346.1,222.3,1556.9,Spin Cycle
2026-09-10T02:33:31.106008+00:00,884,369.3,222.5,1659.8,Spin Cycle
2026-09-10T02:33:33.106008+00:00,886,374.9,221.0,1696.4,Spin Cycle
2026-09-10T02:33:35.106008+00:00,888,368.7,219.9,1676.7,Spin Cycle
2026-09-10T02:33:37.106008+00:00,890,358.3,222.2,1612.5,Spin Cycle
2026-09-10T02:33:39.106008+00:00,892,377.6,218.4,1728.9,Spin Cycle
2026-09-10T02:33:41.106008+00:00,894,371.2,218.5,1698.9,Spin Cycle
2026-09-10T02:33:43.106008+00:00,896,365.2,219.5,1663.8,Spin Cycle
2026-09-10T02:33:45.106008+00:00,898,376.2,217.9,1726.5,Spin Cycle
2026-09-10T02:33:47.106008+00:00,900,368.6,218.2,1689.3,Spin Cycle
2026-09-10T02:33:49.106008+00:00,902,379.1,222.3,1705.4,Spin Cycle
2026-09-10T02:33:51.106008+00:00,904,370.5,219.3,1689.5,Spin Cycle
2026-09-10T02:33:53.106008+00:00,906,389.4,218.8,1779.7,Spin Cycle
2026-09-10T02:33:55.106008+00:00,908,390.2,218.0,1789.9,Spin Cycle
2026-09-10T02:33:57.106008+00:00,910,375.8,220.7,1702.8,Spin Cycle
2026-09-10T02:33:59.106008+00:00,912,389.9,219.4,1777.1,Spin Cycle
2026-09-10T02:34:01.106008+00:00,914,373.9,220.1,1698.8,Spin Cycle
2026-09-10T02:34:03.106008+00:00,916,385.0,219.1,1757.2,Spin Cycle
2026-09-10T02:34:05.106008+00:00,918,405.7,219.5,1848.3,Spin Cycle
2026-09-10T02:34:07.106008+00:00,920,394.3,217.7,1811.2,Spin Cycle
2026-09-10T02:34:09.106008+00:00,922,393.5,221.6,1775.7,Spin Cycle
2026-09-10T02:34:11.106008+00:00,924,398.6,219.0,1820.1,Spin Cycle
2026-09-10T02:34:13.106008+00:00,926,403.4,217.5,1854.7,Spin Cycle
2026-09-10T02:34:15.106008+00:00,928,396.8,221.0,1795.5,Spin Cycle
2026-09-10T02:34:17.106008+00:00,930,410.6,220.7,1860.4,Spin Cycle
2026-09-10T02:34:19.106008+00:00,932,402.0,221.2,1817.4,Spin Cycle
2026-09-10T02:34:21.106008+00:00,934,402.1,219.6,1831.1,Spin Cycle
2026-09-10T02:34:23.106008+00:00,936,401.9,219.4,1831.8,Spin Cycle
2026-09-10T02:34:25.106008+00:00,938,412.4,221.1,1865.2,Spin Cycle
2026-09-10T02:34:27.106008+00:00,940,399.8,219.1,1824.7,Spin Cycle
2026-09-10T02:34:29.106008+00:00,942,408.5,219.2,1863.6,Spin Cycle
2026-09-10T02:34:31.106008+00:00,944,407.4,217.9,1869.7,Spin Cycle
2026-09-10T02:34:33.106008+00:00,946,409.0,220.6,1854.0,Spin Cycle
2026-09-10T02:34:35.106008+00:00,948,433.9,219.2,1979.5,Spin Cycle
2026-09-10T02:34:37.106008+00:00,950,423.8,220.1,1925.5,Spin Cycle
2026-09-10T02:34:39.106008+00:00,952,421.5,220.0,1915.9,Spin Cycle
2026-09-10T02:34:41.106008+00:00,954,432.8,218.3,1982.6,Spin Cycle
2026-09-10T02:34:43.106008+00:00,956,433.2,217.8,1989.0,Spin Cycle
2026-09-10T02:34:45.106008+00:00,958,434.4,220.1,1973.6,Spin Cycle
2026-09-10T02:34:47.106008+00:00,960,442.2,219.9,2010.9,Spin Cycle
2026-09-10T02:34:49.106008+00:00,962,430.2,220.7,1949.3,Spin Cycle
2026-09-10T02:34:51.106008+00:00,964,444.3,217.7,2040.9,Spin Cycle
2026-09-10T02:34:53.106008+00:00,966,431.0,222.1,1940.6,Spin Cycle
2026-09-10T02:34:55.106008+00:00,968,447.3,220.9,2024.9,Spin Cycle
2026-09-10T02:34:57.106008+00:00,970,434.8,220.8,1969.2,Spin Cycle
2026-09-10T02:34:59.106008+00:00,972,455.5,222.2,2050.0,Spin Cycle
2026-09-10T02:35:01.106008+00:00,974,448.8,220.6,2034.5,Spin Cycle
2026-09-10T02:35:03.106008+00:00,976,452.2,219.9,2056.4,Spin Cycle
2026-09-10T02:35:05.106008+00:00,978,453.6,221.1,2051.6,Spin Cycle
2026-09-10T02:35:07.106008+00:00,980,461.8,220.0,2099.1,Spin Cycle
2026-09-10T02:35:09.106008+00:00,982,463.8,220.3,2105.3,Spin Cycle
2026-09-10T02:35:11.106008+00:00,984,452.4,222.4,2034.2,Spin Cycle
2026-09-10T02:35:13.106008+00:00,986,466.3,218.5,2134.1,Spin Cycle
2026-09-10T02:35:15.106008+00:00,988,455.5,219.5,2075.2,Spin Cycle
2026-09-10T02:35:17.106008+00:00,990,465.8,217.5,2141.6,Spin Cycle
2026-09-10T02:35:19.106008+00:00,992,471.4,219.0,2152.5,Spin Cycle
2026-09-10T02:35:21.106008+00:00,994,462.9,221.9,2086.1,Spin Cycle
2026-09-10T02:35:23.106008+00:00,996,449.1,217.7,2062.9,Spin Cycle
2026-09-10T02:35:25.106008+00:00,998,463.5,218.2,2124.2,Spin Cycle
2026-09-10T02:35:27.106008+00:00,1000,477.2,220.4,2165.2,Spin Cycle
2026-09-10T02:35:29.106008+00:00,1002,455.2,220.2,2067.2,Spin Cycle
2026-09-10T02:35:31.106008+00:00,1004,468.7,220.2,2128.5,Spin Cycle
2026-09-10T02:35:33.106008+00:00,1006,484.6,218.4,2218.9,Spin Cycle
2026-09-10T02:35:35.106008+00:00,1008,475.3,221.4,2146.8,Spin Cycle
2026-09-10T02:35:37.106008+00:00,1010,462.9,217.9,2124.4,Spin Cycle
2026-09-10T02:35:39.106008+00:00,1012,469.1,222.0,2113.1,Spin Cycle
2026-09-10T02:35:41.106008+00:00,1014,480.8,220.3,2182.5,Spin Cycle
2026-09-10T02:35:43.106008+00:00,1016,486.0,222.2,2187.2,Spin Cycle
2026-09-10T02:35:45.106008+00:00,1018,493.9,219.9,2246.0,Spin Cycle
2026-09-10T02:35:47.106008+00:00,1020,490.3,217.7,2252.2,Spin Cycle
2026-09-10T02:35:49.106008+00:00,1022,480.2,220.6,2176.8,Spin Cycle
2026-09-10T02:35:51.106008+00:00,1024,501.6,220.5,2274.8,Spin Cycle
2026-09-10T02:35:53.106008+00:00,1026,490.2,218.2,2246.6,Spin Cycle
2026-09-10T02:35:55.106008+00:00,1028,504.4,220.8,2284.4,Spin Cycle
2026-09-10T02:35:57.106008+00:00,1030,505.1,221.9,2276.3,Spin Cycle
2026-09-10T02:35:59.106008+00:00,1032,485.0,221.8,2186.7,Spin Cycle
2026-09-10T02:36:01.106008+00:00,1034,509.5,217.9,2338.2,Spin Cycle
2026-09-10T02:36:03.106008+00:00,1036,503.1,217.8,2309.9,Spin Cycle
2026-09-10T02:36:05.106008+00:00,1038,494.9,222.4,2225.3,Spin Cycle
2026-09-10T02:36:07.106008+00:00,1040,512.6,218.0,2351.4,Spin Cycle
2026-09-10T02:36:09.106008+00:00,1042,509.1,217.7,2338.5,Spin Cycle
2026-09-10T02:36:11.106008+00:00,1044,520.0,221.0,2352.9,Spin Cycle
2026-09-10T02:36:13.106008+00:00,1046,494.0,220.4,2241.4,Spin Cycle
2026-09-10T02:36:15.106008+00:00,1048,520.2,220.0,2364.5,Spin Cycle
2026-09-10T02:36:17.106008+00:00,1050,503.6,222.2,2266.4,Spin Cycle
2026-09-10T02:36:19.106008+00:00,1052,510.4,222.0,2299.1,Spin Cycle
2026-09-10T02:36:21.106008+00:00,1054,530.7,218.2,2432.2,Spin Cycle
2026-09-10T02:36:23.106008+00:00,1056,530.6,221.7,2393.3,Spin Cycle
2026-09-10T02:36:25.106008+00:00,1058,531.3,221.6,2397.6,Spin Cycle
2026-09-10T02:36:27.106008+00:00,1060,535.5,219.9,2435.2,Spin Cycle
2026-09-10T02:36:29.106008+00:00,1062,520.6,219.1,2376.1,Spin Cycle
2026-09-10T02:36:31.106008+00:00,1064,539.2,217.5,2479.1,Spin Cycle
2026-09-10T02:36:33.106008+00:00,1066,532.1,218.6,2434.1,Spin Cycle
2026-09-10T02:36:35.106008+00:00,1068,542.0,217.6,2490.8,Spin Cycle
2026-09-10T02:36:37.106008+00:00,1070,540.0,218.6,2470.3,Spin Cycle
2026-09-10T02:36:39.106008+00:00,1072,527.3,221.9,2376.3,Spin Cycle
2026-09-10T02:36:41.106008+00:00,1074,521.8,219.5,2377.2,Spin Cycle
2026-09-10T02:36:43.106008+00:00,1076,522.2,218.7,2387.7,Spin Cycle
2026-09-10T02:36:45.106008+00:00,1078,541.6,218.1,2483.3,Spin Cycle
2026-09-10T02:36:47.106008+00:00,1080,0.7,219.9,3.2,Cycle Complete (Standby)
2026-09-10T02:36:49.106008+00:00,1082,0.8,222.2,3.6,Cycle Complete (Standby)
2026-09-10T02:36:51.106008+00:00,1084,0.8,218.5,3.7,Cycle Complete (Standby)
2026-09-10T02:36:53.106008+00:00,1086,0.8,217.9,3.7,Cycle Complete (Standby)
2026-09-10T02:36:55.106008+00:00,1088,0.6,220.1,2.7,Cycle Complete (Standby)
2026-09-10T02:36:57.106008+00:00,1090,0.9,220.6,4.1,Cycle Complete (Standby)
2026-09-10T02:36:59.106008+00:00,1092,0.8,221.8,3.6,Cycle Complete (Standby)
2026-09-10T02:37:01.106008+00:00,1094,0.7,220.7,3.2,Cycle Complete (Standby)
2026-09-10T02:37:03.106008+00:00,1096,0.6,222.4,2.7,Cycle Complete (Standby)
2026-09-10T02:37:05.106008+00:00,1098,0.9,220.2,4.1,Cycle Complete (Standby)
2026-09-10T02:37:07.106008+00:00,1100,0.8,218.9,3.7,Cycle Complete (Standby)
2026-09-10T02:37:09.106008+00:00,1102,1.0,219.7,4.6,Cycle Complete (Standby)
2026-09-10T02:37:11.106008+00:00,1104,0.7,218.1,3.2,Cycle Complete (Standby)
2026-09-10T02:37:13.106008+00:00,1106,0.9,217.9,4.1,Cycle Complete (Standby)
2026-09-10T02:37:15.106008+00:00,1108,0.8,221.9,3.6,Cycle Complete (Standby)
2026-09-10T02:37:17.106008+00:00,1110,0.5,220.3,2.3,Cycle Complete (Standby)
2026-09-10T02:37:19.106008+00:00,1112,0.7,218.8,3.2,Cycle Complete (Standby)
2026-09-10T02:37:21.106008+00:00,1114,0.5,219.0,2.3,Cycle Complete (Standby)
2026-09-10T02:37:23.106008+00:00,1116,0.7,222.0,3.2,Cycle Complete (Standby)
2026-09-10T02:37:25.106008+00:00,1118,0.5,222.0,2.3,Cycle Complete (Standby)
2026-09-10T02:37:27.106008+00:00,1120,0.5,220.2,2.3,Cycle Complete (Standby)
2026-09-10T02:37:29.106008+00:00,1122,0.9,220.8,4.1,Cycle Complete (Standby)
2026-09-10T02:37:31.106008+00:00,1124,0.6,218.0,2.8,Cycle Complete (Standby)
2026-09-10T02:37:33.106008+00:00,1126,0.9,221.3,4.1,Cycle Complete (Standby)
2026-09-10T02:37:35.106008+00:00,1128,0.6,218.8,2.7,Cycle Complete (Standby)
2026-09-10T02:37:37.106008+00:00,1130,0.7,218.3,3.2,Cycle Complete (Standby)
2026-09-10T02:37:39.106008+00:00,1132,0.6,217.6,2.8,Cycle Complete (Standby)
2026-09-10T02:37:41.106008+00:00,1134,0.5,222.1,2.3,Cycle Complete (Standby)
2026-09-10T02:37:43.106008+00:00,1136,0.7,219.2,3.2,Cycle Complete (Standby)
2026-09-10T02:37:45.106008+00:00,1138,1.0,220.7,4.5,Cycle Complete (Standby)
2026-09-10T02:37:47.106008+00:00,1140,0.7,218.9,3.2,Cycle Complete (Standby)
2026-09-10T02:37:49.106008+00:00,1142,0.7,221.0,3.2,Cycle Complete (Standby)
2026-09-10T02:37:51.106008+00:00,1144,0.5,221.3,2.3,Cycle Complete (Standby)
2026-09-10T02:37:53.106008+00:00,1146,1.0,221.3,4.5,Cycle Complete (Standby)
2026-09-10T02:37:55.106008+00:00,1148,1.0,218.1,4.6,Cycle Complete (Standby)
2026-09-10T02:37:57.106008+00:00,1150,0.7,220.7,3.2,Cycle Complete (Standby)
2026-09-10T02:37:59.106008+00:00,1152,0.6,217.6,2.8,Cycle Complete (Standby)
2026-09-10T02:38:01.106008+00:00,1154,0.8,218.6,3.7,Cycle Complete (Standby)
2026-09-10T02:38:03.106008+00:00,1156,0.8,218.8,3.7,Cycle Complete (Standby)
2026-09-10T02:38:05.106008+00:00,1158,0.4,218.9,1.8,Cycle Complete (Standby)
2026-09-10T02:38:07.106008+00:00,1160,0.9,219.3,4.1,Cycle Complete (Standby)
2026-09-10T02:38:09.106008+00:00,1162,1.0,221.0,4.5,Cycle Complete (Standby)
2026-09-10T02:38:11.106008+00:00,1164,0.9,220.2,4.1,Cycle Complete (Standby)
2026-09-10T02:38:13.106008+00:00,1166,0.6,219.3,2.7,Cycle Complete (Standby)
2026-09-10T02:38:15.106008+00:00,1168,0.4,222.1,1.8,Cycle Complete (Standby)
2026-09-10T02:38:17.106008+00:00,1170,0.9,221.7,4.1,Cycle Complete (Standby)
2026-09-10T02:38:19.106008+00:00,1172,0.4,219.9,1.8,Cycle Complete (Standby)
2026-09-10T02:38:21.106008+00:00,1174,0.5,220.0,2.3,Cycle Complete (Standby)
2026-09-10T02:38:23.106008+00:00,1176,0.8,217.8,3.7,Cycle Complete (Standby)
2026-09-10T02:38:25.106008+00:00,1178,0.7,222.1,3.2,Cycle Complete (Standby)
2026-09-10T02:38:27.106008+00:00,1180,0.7,221.0,3.2,Cycle Complete (Standby)
2026-09-10T02:38:29.106008+00:00,1182,0.8,220.6,3.6,Cycle Complete (Standby)
2026-09-10T02:38:31.106008+00:00,1184,0.9,221.2,4.1,Cycle Complete (Standby)
2026-09-10T02:38:33.106008+00:00,1186,0.9,222.5,4.0,Cycle Complete (Standby)
2026-09-10T02:38:35.106008+00:00,1188,0.8,221.8,3.6,Cycle Complete (Standby)
2026-09-10T02:38:37.106008+00:00,1190,0.6,222.1,2.7,Cycle Complete (Standby)
2026-09-10T02:38:39.106008+00:00,1192,0.9,218.9,4.1,Cycle Complete (Standby)
2026-09-10T02:38:41.106008+00:00,1194,0.5,218.6,2.3,Cycle Complete (Standby)
2026-09-10T02:38:43.106008+00:00,1196,0.5,218.5,2.3,Cycle Complete (Standby)
2026-09-10T02:38:45.106008+00:00,1198,1.0,219.3,4.6,Cycle Complete (Standby)
