timestamp_iso,elapsed_seconds,power_w,voltage_v,current_ma,energy_kwh,switch_on,source,inferred_state
2026-09-12T17:38:26.815596,0.00,0.0,207.4,0.0,0.01,True,local,IDLE/OFF
2026-09-12T17:38:28.572729,1.76,0.0,207.4,0.0,0.01,True,local,IDLE/OFF
2026-09-12T17:38:29.746233,2.93,0.0,207.4,0.0,0.01,True,local,IDLE/OFF
2026-09-12T17:38:31.092527,4.28,0.0,207.4,0.0,0.01,True,local,IDLE/OFF
2026-09-12T17:38:32.991127,6.18,0.0,207.4,0.0,0.01,True,local,IDLE/OFF
2026-09-12T17:38:34.845216,8.03,0.0,207.4,0.0,0.01,True,local,IDLE/OFF
2026-09-12T17:38:36.035809,9.22,0.0,207.4,0.0,0.01,True,local,IDLE/OFF
2026-09-12T17:38:37.240146,10.42,0.0,207.4,0.0,0.01,True,local,IDLE/OFF
2026-09-12T17:38:38.422259,11.61,0.0,207.4,0.0,0.01,True,local,IDLE/OFF
2026-09-12T17:38:39.862004,13.05,0.0,207.4,0.0,0.01,True,local,IDLE/OFF
2026-09-12T17:38:41.131963,14.32,0.0,207.4,0.0,0.01,True,local,IDLE/OFF
2026-09-12T17:38:42.337900,15.52,0.0,207.4,0.0,0.01,True,local,IDLE/OFF
2026-09-12T17:38:44.078737,17.26,0.0,207.4,0.0,0.01,True,local,IDLE/OFF
2026-09-12T17:38:45.644994,18.83,0.0,207.4,0.0,0.01,True,local,IDLE/OFF
2026-09-12T17:38:46.833154,20.02,0.0,207.4,0.0,0.01,True,local,IDLE/OFF
2026-09-12T17:38:49.037557,22.22,0.0,207.4,0.0,0.01,True,local,IDLE/OFF
2026-09-12T17:38:51.026027,24.21,0.0,207.4,0.0,0.01,True,local,IDLE/OFF
2026-09-12T17:38:52.761749,25.95,0.0,207.4,0.0,0.01,True,local,IDLE/OFF
2026-09-12T17:38:53.935999,27.12,0.0,207.4,0.0,0.01,True,local,IDLE/OFF
2026-09-12T17:38:55.390080,28.57,0.0,207.4,0.0,0.01,True,local,IDLE/OFF
2026-09-12T17:38:56.597493,29.78,0.0,207.4,0.0,0.01,True,local,IDLE/OFF
2026-09-12T17:38:58.382605,31.57,0.0,207.4,0.0,0.01,True,local,IDLE/OFF
2026-09-12T17:39:00.334665,33.52,0.0,207.4,0.0,0.01,True,local,IDLE/OFF
2026-09-12T17:39:01.635570,34.82,0.0,207.4,0.0,0.01,True,local,IDLE/OFF
2026-09-12T17:39:03.124456,36.31,0.0,207.4,0.0,0.01,True,local,IDLE/OFF
2026-09-12T17:39:04.651466,37.84,0.0,207.4,0.0,0.01,True,local,IDLE/OFF
2026-09-12T17:39:06.199243,39.38,0.0,207.4,0.0,0.01,True,local,IDLE/OFF
2026-09-12T17:39:07.405453,40.59,0.0,207.4,0.0,0.01,True,local,IDLE/OFF
2026-09-12T17:39:08.954682,42.14,0.0,207.4,0.0,0.01,True,local,IDLE/OFF
2026-09-12T17:39:10.999118,44.18,0.0,207.4,0.0,0.01,True,local,IDLE/OFF
2026-09-12T17:39:12.623596,45.81,0.0,207.4,0.0,0.01,True,local,IDLE/OFF
2026-09-12T17:39:13.881094,47.07,0.0,207.4,0.0,0.01,True,local,IDLE/OFF
2026-09-12T17:39:15.298552,48.48,0.0,207.4,0.0,0.01,True,local,IDLE/OFF
2026-09-12T17:39:16.828798,50.01,0.0,207.4,0.0,0.01,True,local,IDLE/OFF
2026-09-12T17:39:18.176079,51.36,0.0,207.4,0.0,0.01,True,local,IDLE/OFF
2026-09-12T17:39:19.418831,52.60,0.0,207.4,0.0,0.01,True,local,IDLE/OFF
2026-09-12T17:39:20.744945,53.93,0.0,207.4,0.0,0.01,True,local,IDLE/OFF
2026-09-12T17:39:22.174591,55.36,0.0,207.4,0.0,0.01,True,local,IDLE/OFF
2026-09-12T17:39:23.395451,56.58,0.0,207.4,0.0,0.01,True,local,IDLE/OFF
2026-09-12T17:39:24.706528,57.89,0.0,207.4,0.0,0.01,True,local,IDLE/OFF
2026-09-12T17:39:25.826894,59.01,0.0,207.4,0.0,0.01,True,local,IDLE/OFF
2026-09-12T17:39:28.015771,61.20,0.0,207.4,0.0,0.01,True,local,IDLE/OFF
2026-09-12T17:39:29.838161,63.02,0.0,207.4,0.0,0.01,True,local,IDLE/OFF
2026-09-12T17:39:30.989554,64.17,0.0,207.4,0.0,0.01,True,local,IDLE/OFF
2026-09-12T17:39:32.137227,65.32,0.0,207.4,0.0,0.01,True,local,IDLE/OFF
2026-09-12T17:39:34.092896,67.28,0.0,207.4,0.0,0.01,True,local,IDLE/OFF
2026-09-12T17:39:35.623951,68.81,0.0,207.4,0.0,0.01,True,local,IDLE/OFF
2026-09-12T17:39:36.740002,69.92,0.0,207.4,0.0,0.01,True,local,IDLE/OFF
2026-09-12T17:39:38.068576,71.25,0.0,207.4,0.0,0.01,True,local,IDLE/OFF
2026-09-12T17:39:39.642271,72.83,0.0,207.4,0.0,0.01,True,local,IDLE/OFF
2026-09-12T17:39:41.859583,75.04,0.0,207.4,0.0,0.01,True,local,IDLE/OFF
2026-09-12T17:39:43.039148,76.22,0.0,207.4,0.0,0.01,True,local,IDLE/OFF
2026-09-12T17:39:44.797206,77.98,0.0,207.4,0.0,0.01,True,local,IDLE/OFF
2026-09-12T17:39:46.199097,79.38,0.0,207.4,0.0,0.01,True,local,IDLE/OFF
2026-09-12T17:39:47.302340,80.49,0.0,207.4,0.0,0.01,True,local,IDLE/OFF
2026-09-12T17:39:48.756490,81.94,0.0,207.4,0.0,0.01,True,local,IDLE/OFF
2026-09-12T17:39:50.898641,84.08,0.0,207.4,0.0,0.01,True,local,IDLE/OFF
2026-09-12T17:39:52.757372,85.94,0.0,207.4,0.0,0.01,True,local,IDLE/OFF
2026-09-12T17:39:54.239697,87.42,0.0,207.4,0.0,0.01,True,local,IDLE/OFF
2026-09-12T17:39:55.957097,89.14,0.0,207.4,0.0,0.01,True,local,IDLE/OFF
2026-09-12T17:39:57.588778,90.77,0.0,207.4,0.0,0.01,True,local,IDLE/OFF
2026-09-12T17:39:58.831272,92.02,6.3,208.5,45.0,,,local,ACTIVE/SOAK
2026-09-12T17:40:01.061039,94.25,6.3,208.5,45.0,,,local,ACTIVE/SOAK
2026-09-12T17:40:03.558072,96.74,6.3,208.5,45.0,0.01,True,local,ACTIVE/SOAK
2026-09-12T17:40:04.806396,97.99,6.3,208.5,45.0,0.01,True,local,ACTIVE/SOAK
2026-09-12T17:40:06.020803,99.21,6.3,208.5,45.0,0.01,True,local,ACTIVE/SOAK
2026-09-12T17:40:07.576228,100.76,6.3,208.5,45.0,0.01,True,local,ACTIVE/SOAK
2026-09-12T17:40:09.221330,102.41,6.3,208.5,45.0,0.01,True,local,ACTIVE/SOAK
2026-09-12T17:40:10.416241,103.60,6.3,208.5,45.0,0.01,True,local,ACTIVE/SOAK
2026-09-12T17:40:12.662879,105.85,6.3,208.5,45.0,0.01,True,local,ACTIVE/SOAK
2026-09-12T17:40:14.035241,107.22,6.3,208.5,45.0,0.01,True,local,ACTIVE/SOAK
2026-09-12T17:40:15.275897,108.46,6.3,208.5,45.0,0.01,True,local,ACTIVE/SOAK
2026-09-12T17:40:17.228135,110.41,6.3,208.5,45.0,0.01,True,local,ACTIVE/SOAK
2026-09-12T17:40:19.420686,112.61,6.3,208.5,45.0,0.01,True,local,ACTIVE/SOAK
2026-09-12T17:40:20.633695,113.82,6.3,208.5,45.0,0.01,True,local,ACTIVE/SOAK
2026-09-12T17:40:22.656983,115.84,6.3,208.5,45.0,0.01,True,local,ACTIVE/SOAK
2026-09-12T17:40:24.989632,118.17,6.3,208.5,45.0,0.01,True,local,ACTIVE/SOAK
2026-09-12T17:40:26.209462,119.39,6.3,208.5,45.0,0.01,True,local,ACTIVE/SOAK
2026-09-12T17:40:27.412941,120.60,6.3,208.5,45.0,0.01,True,local,ACTIVE/SOAK
2026-09-12T17:40:29.107137,122.29,6.3,208.5,45.0,0.01,True,local,ACTIVE/SOAK
2026-09-12T17:40:30.436909,123.62,6.3,208.5,45.0,0.01,True,local,ACTIVE/SOAK
2026-09-12T17:40:32.313005,125.50,6.3,208.5,45.0,0.01,True,local,ACTIVE/SOAK
2026-09-12T17:40:34.719822,127.90,6.3,208.5,45.0,0.01,True,local,ACTIVE/SOAK
2026-09-12T17:40:36.622046,129.81,6.3,208.5,45.0,0.01,True,local,ACTIVE/SOAK
2026-09-12T17:40:37.821411,131.01,6.3,208.5,45.0,0.01,True,local,ACTIVE/SOAK
2026-09-12T17:40:39.897754,133.08,6.3,208.5,45.0,0.01,True,local,ACTIVE/SOAK
2026-09-12T17:40:41.110696,134.30,6.3,208.5,45.0,0.01,True,local,ACTIVE/SOAK
2026-09-12T17:40:42.324203,135.51,6.3,208.5,45.0,0.01,True,local,ACTIVE/SOAK
2026-09-12T17:40:43.501926,136.69,6.3,208.5,45.0,0.01,True,local,ACTIVE/SOAK
2026-09-12T17:40:44.699985,137.88,6.3,208.5,45.0,0.01,True,local,ACTIVE/SOAK
2026-09-12T17:40:46.485750,139.67,6.3,208.5,45.0,0.01,True,local,ACTIVE/SOAK
2026-09-12T17:40:47.649331,140.83,6.3,208.5,45.0,0.01,True,local,ACTIVE/SOAK
2026-09-12T17:40:49.333882,142.52,6.3,208.5,45.0,0.01,True,local,ACTIVE/SOAK
2026-09-12T17:40:50.529729,143.71,6.3,208.5,45.0,0.01,True,local,ACTIVE/SOAK
2026-09-12T17:40:52.400801,145.59,6.3,208.5,45.0,0.01,True,local,ACTIVE/SOAK
2026-09-12T17:40:53.522153,146.71,6.3,208.5,45.0,0.01,True,local,ACTIVE/SOAK
2026-09-12T17:40:54.719603,147.90,6.3,208.5,45.0,0.01,True,local,ACTIVE/SOAK
2026-09-12T17:40:56.251561,149.44,6.3,208.5,45.0,0.01,True,local,ACTIVE/SOAK
2026-09-12T17:40:57.433695,150.62,6.3,208.5,45.0,0.01,True,local,ACTIVE/SOAK
2026-09-12T17:40:58.817384,152.00,6.3,208.5,45.0,0.01,True,local,ACTIVE/SOAK
2026-09-12T17:41:00.047516,153.23,6.3,208.5,45.0,0.01,True,local,ACTIVE/SOAK
2026-09-12T17:41:01.167373,154.35,6.3,208.5,45.0,0.01,True,local,ACTIVE/SOAK
2026-09-12T17:41:02.865046,156.05,6.3,208.5,45.0,0.01,True,local,ACTIVE/SOAK
2026-09-12T17:41:04.064095,157.25,6.3,208.5,45.0,0.01,True,local,ACTIVE/SOAK
2026-09-12T17:41:05.508959,158.69,6.3,208.5,45.0,0.01,True,local,ACTIVE/SOAK
2026-09-12T17:41:07.063588,160.25,6.3,208.5,45.0,0.01,True,local,ACTIVE/SOAK
2026-09-12T17:41:08.493134,161.68,6.3,208.5,45.0,0.01,True,local,ACTIVE/SOAK
2026-09-12T17:41:09.946310,163.13,6.3,208.5,45.0,0.01,True,local,ACTIVE/SOAK
2026-09-12T17:41:12.389435,165.57,6.3,208.5,45.0,0.01,True,local,ACTIVE/SOAK
2026-09-12T17:41:13.861209,167.05,6.3,208.5,45.0,0.01,True,local,ACTIVE/SOAK
2026-09-12T17:41:15.051475,168.24,6.3,208.5,45.0,0.01,True,local,ACTIVE/SOAK
2026-09-12T17:41:16.362742,169.55,6.3,208.5,45.0,0.01,True,local,ACTIVE/SOAK
2026-09-12T17:41:18.017562,171.20,6.3,208.5,45.0,0.01,True,local,ACTIVE/SOAK
2026-09-12T17:41:19.395542,172.58,6.3,208.5,45.0,0.01,True,local,ACTIVE/SOAK
2026-09-12T17:41:20.819780,174.00,6.3,208.5,45.0,0.01,True,local,ACTIVE/SOAK
2026-09-12T17:41:22.187690,175.37,6.3,208.5,45.0,0.01,True,local,ACTIVE/SOAK
2026-09-12T17:41:24.934470,178.12,6.3,208.5,45.0,0.01,True,local,ACTIVE/SOAK
2026-09-12T17:41:26.155679,179.34,6.3,208.5,45.0,0.01,True,local,ACTIVE/SOAK
2026-09-12T17:41:27.495116,180.68,6.3,208.5,45.0,0.01,True,local,ACTIVE/SOAK
2026-09-12T17:41:28.785351,181.97,6.3,208.5,45.0,0.01,True,local,ACTIVE/SOAK
2026-09-12T17:41:30.146855,183.33,6.3,208.5,45.0,0.01,True,local,ACTIVE/SOAK
2026-09-12T17:41:31.415991,184.60,6.3,208.5,45.0,0.01,True,local,ACTIVE/SOAK
2026-09-12T17:41:32.919132,186.10,6.3,208.5,45.0,0.01,True,local,ACTIVE/SOAK
2026-09-12T17:41:34.695667,187.88,6.3,208.5,45.0,0.01,True,local,ACTIVE/SOAK
2026-09-12T17:41:36.072249,189.26,6.3,208.5,45.0,0.01,True,local,ACTIVE/SOAK
2026-09-12T17:41:37.932797,191.12,6.3,208.5,45.0,0.01,True,local,ACTIVE/SOAK
2026-09-12T17:41:40.286979,193.47,6.3,208.5,45.0,0.01,True,local,ACTIVE/SOAK
2026-09-12T17:41:42.072382,195.26,6.3,208.5,45.0,0.01,True,local,ACTIVE/SOAK
2026-09-12T17:41:44.264196,197.45,6.3,208.5,45.0,0.01,True,local,ACTIVE/SOAK
2026-09-12T17:41:45.494797,198.68,6.3,208.5,45.0,0.01,True,local,ACTIVE/SOAK
2026-09-12T17:41:47.496847,200.68,6.3,208.5,45.0,0.01,True,local,ACTIVE/SOAK
2026-09-12T17:41:49.233648,202.42,6.3,208.5,45.0,0.01,True,local,ACTIVE/SOAK
2026-09-12T17:41:50.464372,203.65,6.3,208.5,45.0,0.01,True,local,ACTIVE/SOAK
2026-09-12T17:41:52.139354,205.32,6.3,208.5,45.0,0.01,True,local,ACTIVE/SOAK
2026-09-12T17:41:53.340092,206.52,6.3,208.5,45.0,0.01,True,local,ACTIVE/SOAK
2026-09-12T17:41:54.489426,207.67,6.3,208.5,45.0,0.01,True,local,ACTIVE/SOAK
2026-09-12T17:41:55.700177,208.88,6.3,208.5,45.0,0.01,True,local,ACTIVE/SOAK
2026-09-12T17:41:57.819141,211.00,6.3,208.5,45.0,0.01,True,local,ACTIVE/SOAK
2026-09-12T17:41:59.802583,212.99,6.3,208.5,45.0,0.01,True,local,ACTIVE/SOAK
2026-09-12T17:42:00.992844,214.18,6.3,208.5,45.0,0.01,True,local,ACTIVE/SOAK
2026-09-12T17:42:02.513162,215.70,6.3,208.5,45.0,0.01,True,local,ACTIVE/SOAK
2026-09-12T17:42:03.835386,217.02,6.3,208.5,45.0,0.01,True,local,ACTIVE/SOAK
2026-09-12T17:42:05.163736,218.35,6.3,208.5,45.0,0.01,True,local,ACTIVE/SOAK
2026-09-12T17:42:06.920657,220.11,6.3,208.5,45.0,0.01,True,local,ACTIVE/SOAK
2026-09-12T17:42:08.879370,222.06,6.3,208.5,45.0,0.01,True,local,ACTIVE/SOAK
2026-09-12T17:42:10.069022,223.25,0.0,207.4,0.0,0.0,True,local,IDLE/OFF
2026-09-12T17:42:12.305674,225.49,0.0,207.4,0.0,0.01,True,local,IDLE/OFF
2026-09-12T17:42:13.503088,226.69,0.0,207.4,0.0,0.01,True,local,IDLE/OFF
2026-09-12T17:42:15.672535,228.86,0.0,207.4,0.0,0.01,True,local,IDLE/OFF
2026-09-12T17:42:17.651922,230.84,6.0,0.0,50.0,0.0,True,local,ACTIVE/SOAK
2026-09-12T17:42:18.844504,232.03,6.0,207.4,50.0,0.01,True,local,ACTIVE/SOAK
2026-09-12T17:42:21.065171,234.25,6.0,207.4,50.0,0.01,True,local,ACTIVE/SOAK
2026-09-12T17:42:22.237080,235.42,6.0,207.4,50.0,0.01,True,local,ACTIVE/SOAK
2026-09-12T17:42:23.796779,236.98,6.0,207.4,50.0,0.01,True,local,ACTIVE/SOAK
2026-09-12T17:42:24.905459,238.09,6.0,207.4,50.0,0.01,True,local,ACTIVE/SOAK
2026-09-12T17:42:26.677206,239.86,6.0,207.4,50.0,0.01,True,local,ACTIVE/SOAK
2026-09-12T17:42:28.249501,241.43,6.0,207.4,50.0,0.01,True,local,ACTIVE/SOAK
2026-09-12T17:42:29.363730,242.55,6.0,207.4,50.0,0.01,True,local,ACTIVE/SOAK
2026-09-12T17:42:31.281865,244.47,6.0,207.4,50.0,0.01,True,local,ACTIVE/SOAK
2026-09-12T17:42:32.463527,245.65,6.0,207.4,50.0,0.01,True,local,ACTIVE/SOAK
2026-09-12T17:42:33.590925,246.78,6.0,207.4,50.0,0.01,True,local,ACTIVE/SOAK
2026-09-12T17:42:35.342757,248.53,6.0,207.4,50.0,0.01,True,local,ACTIVE/SOAK
2026-09-12T17:42:36.762227,249.95,6.0,207.4,50.0,0.01,True,local,ACTIVE/SOAK
2026-09-12T17:42:38.839554,252.02,6.0,207.4,50.0,0.01,True,local,ACTIVE/SOAK
2026-09-12T17:42:40.908929,254.09,6.0,207.4,50.0,0.01,True,local,ACTIVE/SOAK
2026-09-12T17:42:43.252403,256.44,6.0,207.4,50.0,0.01,True,local,ACTIVE/SOAK
2026-09-12T17:42:44.440789,257.63,6.0,207.4,50.0,0.01,True,local,ACTIVE/SOAK
2026-09-12T17:42:46.417885,259.60,6.0,207.4,50.0,0.01,True,local,ACTIVE/SOAK
2026-09-12T17:42:48.076823,261.26,6.0,207.4,50.0,0.01,True,local,ACTIVE/SOAK
2026-09-12T17:42:49.276106,262.46,6.0,207.4,50.0,0.01,True,local,ACTIVE/SOAK
2026-09-12T17:42:51.016348,264.20,6.0,207.4,50.0,0.01,True,local,ACTIVE/SOAK
2026-09-12T17:42:52.197856,265.38,6.0,207.4,50.0,0.01,True,local,ACTIVE/SOAK
2026-09-12T17:42:54.557219,267.74,6.0,207.4,50.0,0.01,True,local,ACTIVE/SOAK
2026-09-12T17:42:55.733234,268.92,6.0,207.4,50.0,0.01,True,local,ACTIVE/SOAK
2026-09-12T17:42:57.244824,270.43,6.0,207.4,50.0,0.01,True,local,ACTIVE/SOAK
2026-09-12T17:42:58.575883,271.76,6.0,207.4,50.0,0.01,True,local,ACTIVE/SOAK
2026-09-12T17:43:00.166705,273.35,6.0,207.4,50.0,0.01,True,local,ACTIVE/SOAK
2026-09-12T17:43:01.625867,274.81,6.0,207.4,50.0,0.01,True,local,ACTIVE/SOAK
2026-09-12T17:43:03.069872,276.25,6.0,207.4,50.0,0.01,True,local,ACTIVE/SOAK
2026-09-12T17:43:05.236413,278.42,6.0,207.4,50.0,0.01,True,local,ACTIVE/SOAK
2026-09-12T17:43:07.399669,280.58,6.0,207.4,50.0,0.01,True,local,ACTIVE/SOAK
2026-09-12T17:43:08.575577,281.76,6.0,207.4,50.0,0.01,True,local,ACTIVE/SOAK
2026-09-12T17:43:10.120708,283.31,6.0,207.4,50.0,0.01,True,local,ACTIVE/SOAK
2026-09-12T17:43:11.564769,284.75,6.0,207.4,50.0,0.01,True,local,ACTIVE/SOAK
2026-09-12T17:43:13.766192,286.95,6.0,207.4,50.0,0.01,True,local,ACTIVE/SOAK
2026-09-12T17:43:16.141116,289.33,6.0,207.4,50.0,0.01,True,local,ACTIVE/SOAK
2026-09-12T17:43:17.316267,290.50,6.0,207.4,50.0,0.01,True,local,ACTIVE/SOAK
2026-09-12T17:43:19.158341,292.34,6.0,207.4,50.0,0.01,True,local,ACTIVE/SOAK
2026-09-12T17:43:20.811393,294.00,6.0,207.4,50.0,0.01,True,local,ACTIVE/SOAK
2026-09-12T17:43:22.312376,295.50,6.0,207.4,50.0,0.01,True,local,ACTIVE/SOAK
2026-09-12T17:43:23.628005,296.81,6.0,207.4,50.0,0.01,True,local,ACTIVE/SOAK
2026-09-12T17:43:24.875087,298.06,6.0,207.4,50.0,0.01,True,local,ACTIVE/SOAK
2026-09-12T17:43:26.206110,299.39,6.0,207.4,50.0,0.01,True,local,ACTIVE/SOAK
2026-09-12T17:43:27.870775,301.06,6.0,207.4,50.0,0.01,True,local,ACTIVE/SOAK
2026-09-12T17:43:29.418814,302.60,6.0,207.4,50.0,0.01,True,local,ACTIVE/SOAK
2026-09-12T17:43:30.598727,303.78,6.0,207.4,50.0,0.01,True,local,ACTIVE/SOAK
2026-09-12T17:43:33.048093,306.23,6.0,207.4,50.0,0.01,True,local,ACTIVE/SOAK
2026-09-12T17:43:34.528649,307.71,6.0,207.4,50.0,0.01,True,local,ACTIVE/SOAK
2026-09-12T17:43:35.764899,308.95,6.0,207.4,50.0,0.01,True,local,ACTIVE/SOAK
2026-09-12T17:43:37.097569,310.28,6.0,207.4,50.0,0.01,True,local,ACTIVE/SOAK
2026-09-12T17:43:39.024139,312.21,6.0,207.4,50.0,0.01,True,local,ACTIVE/SOAK
2026-09-12T17:43:41.253707,314.44,6.0,207.4,50.0,0.01,True,local,ACTIVE/SOAK
2026-09-12T17:43:42.719908,315.90,6.0,207.4,50.0,0.01,True,local,ACTIVE/SOAK
2026-09-12T17:43:44.624414,317.81,6.0,207.4,50.0,0.01,True,local,ACTIVE/SOAK
2026-09-12T17:43:45.811534,319.00,6.0,207.4,50.0,0.01,True,local,ACTIVE/SOAK
2026-09-12T17:43:48.258619,321.44,6.0,207.4,50.0,0.01,True,local,ACTIVE/SOAK
2026-09-12T17:43:50.482542,323.67,6.0,207.4,50.0,0.01,True,local,ACTIVE/SOAK
2026-09-12T17:43:51.741068,324.93,6.0,207.4,50.0,0.01,True,local,ACTIVE/SOAK
2026-09-12T17:43:53.617514,326.80,6.0,207.4,50.0,0.01,True,local,ACTIVE/SOAK
2026-09-12T17:43:55.160698,328.35,6.0,207.4,50.0,0.01,True,local,ACTIVE/SOAK
2026-09-12T17:43:56.347895,329.53,6.0,207.4,50.0,0.01,True,local,ACTIVE/SOAK
2026-09-12T17:43:57.528490,330.71,6.0,207.4,50.0,0.01,True,local,ACTIVE/SOAK
2026-09-12T17:43:58.871789,332.06,6.0,207.4,50.0,0.01,True,local,ACTIVE/SOAK
2026-09-12T17:44:00.254380,333.44,6.0,207.4,50.0,0.01,True,local,ACTIVE/SOAK
2026-09-12T17:44:02.322603,335.51,6.0,207.4,50.0,0.01,True,local,ACTIVE/SOAK
2026-09-12T17:44:04.313229,337.50,6.0,207.4,50.0,0.01,True,local,ACTIVE/SOAK
2026-09-12T17:44:05.545078,338.73,6.0,207.4,50.0,0.01,True,local,ACTIVE/SOAK
2026-09-12T17:44:06.836730,340.02,6.0,207.4,50.0,0.01,True,local,ACTIVE/SOAK
2026-09-12T17:44:08.623802,341.81,6.0,207.4,50.0,0.01,True,local,ACTIVE/SOAK
2026-09-12T17:44:10.333509,343.52,6.0,207.4,50.0,0.01,True,local,ACTIVE/SOAK
2026-09-12T17:44:11.501272,344.69,6.0,207.4,50.0,0.01,True,local,ACTIVE/SOAK
2026-09-12T17:44:13.161230,346.35,6.0,207.4,50.0,0.01,True,local,ACTIVE/SOAK
2026-09-12T17:44:15.097163,348.28,6.0,207.4,50.0,0.01,True,local,ACTIVE/SOAK
2026-09-12T17:44:16.514402,349.70,6.0,207.4,50.0,0.01,True,local,ACTIVE/SOAK
2026-09-12T17:44:17.852073,351.04,6.0,207.4,50.0,0.01,True,local,ACTIVE/SOAK
2026-09-12T17:44:20.325711,353.51,6.0,207.4,50.0,0.01,True,local,ACTIVE/SOAK
2026-09-12T17:44:21.522471,354.71,6.0,207.4,50.0,0.01,True,local,ACTIVE/SOAK
2026-09-12T17:44:22.666097,355.85,213.6,0.0,602.0,0.0,True,local,RUNNING
2026-09-12T17:44:24.055189,357.24,213.6,207.4,602.0,0.01,True,local,RUNNING
2026-09-12T17:44:25.181702,358.37,213.6,207.4,602.0,0.01,True,local,RUNNING
2026-09-12T17:44:27.019799,360.20,213.6,207.4,602.0,0.01,True,local,RUNNING
2026-09-12T17:44:28.193430,361.38,213.6,207.4,602.0,0.01,True,local,RUNNING
2026-09-12T17:44:29.959825,363.14,213.6,207.4,602.0,0.01,True,local,RUNNING
2026-09-12T17:44:31.887592,365.07,213.6,207.4,602.0,0.01,True,local,RUNNING
2026-09-12T17:44:33.615382,366.80,213.6,207.4,602.0,0.01,True,local,RUNNING
2026-09-12T17:44:34.799312,367.98,213.6,207.4,602.0,0.01,True,local,RUNNING
2026-09-12T17:44:37.010894,370.20,213.6,207.4,602.0,0.01,True,local,RUNNING
2026-09-12T17:44:39.180770,372.37,213.6,207.4,602.0,0.01,True,local,RUNNING
2026-09-12T17:44:40.877270,374.06,213.6,207.4,602.0,0.01,True,local,RUNNING
2026-09-12T17:44:42.351885,375.54,213.6,207.4,602.0,0.01,True,local,RUNNING
2026-09-12T17:44:43.777842,376.96,213.6,207.4,602.0,0.01,True,local,RUNNING
2026-09-12T17:44:44.962577,378.15,213.6,207.4,602.0,0.01,True,local,RUNNING
2026-09-12T17:44:46.256851,379.44,213.6,207.4,602.0,0.01,True,local,RUNNING
2026-09-12T17:44:47.477947,380.66,213.6,207.4,602.0,0.01,True,local,RUNNING
2026-09-12T17:44:49.672496,382.86,213.6,207.4,602.0,0.01,True,local,RUNNING
2026-09-12T17:44:50.967859,384.15,213.6,207.4,602.0,0.01,True,local,RUNNING
2026-09-12T17:44:52.320676,385.51,213.6,207.4,602.0,0.01,True,local,RUNNING
2026-09-12T17:44:53.700730,386.89,213.6,207.4,602.0,0.01,True,local,RUNNING
2026-09-12T17:44:54.960717,388.15,213.6,207.4,602.0,0.01,True,local,RUNNING
2026-09-12T17:44:56.151063,389.34,213.6,207.4,602.0,0.01,True,local,RUNNING
2026-09-12T17:44:57.566040,390.75,213.6,207.4,602.0,0.01,True,local,RUNNING
2026-09-12T17:44:59.181249,392.37,213.6,207.4,602.0,0.01,True,local,RUNNING
2026-09-12T17:45:00.373154,393.56,213.6,207.4,602.0,0.01,True,local,RUNNING
2026-09-12T17:45:01.552150,394.74,213.6,207.4,602.0,0.01,True,local,RUNNING
2026-09-12T17:45:02.811141,396.00,213.6,207.4,602.0,0.01,True,local,RUNNING
2026-09-12T17:45:04.030004,397.21,213.6,207.4,602.0,0.01,True,local,RUNNING
2026-09-12T17:45:05.665532,398.85,213.6,207.4,602.0,0.01,True,local,RUNNING
2026-09-12T17:45:06.839721,400.02,213.6,207.4,602.0,0.01,True,local,RUNNING
2026-09-12T17:45:08.188008,401.37,213.6,207.4,602.0,0.01,True,local,RUNNING
2026-09-12T17:45:09.803989,402.99,213.6,207.4,602.0,0.01,True,local,RUNNING
2026-09-12T17:45:11.138589,404.32,213.6,207.4,602.0,0.01,True,local,RUNNING
2026-09-12T17:45:12.373956,405.56,213.6,207.4,602.0,0.01,True,local,RUNNING
2026-09-12T17:45:13.562134,406.75,213.6,207.4,602.0,0.01,True,local,RUNNING
2026-09-12T17:45:15.470184,408.65,213.6,207.4,602.0,0.01,True,local,RUNNING
2026-09-12T17:45:16.652167,409.84,213.6,207.4,602.0,0.01,True,local,RUNNING
2026-09-12T17:45:17.829252,411.01,213.6,207.4,602.0,0.01,True,local,RUNNING
2026-09-12T17:45:19.161792,412.35,213.6,207.4,602.0,0.01,True,local,RUNNING
2026-09-12T17:45:20.323786,413.51,213.6,207.4,602.0,0.01,True,local,RUNNING
2026-09-12T17:45:21.574515,414.76,213.6,207.4,602.0,0.01,True,local,RUNNING
2026-09-12T17:45:23.165562,416.35,213.6,207.4,602.0,0.01,True,local,RUNNING
2026-09-12T17:45:24.801352,417.99,213.6,207.4,602.0,0.01,True,local,RUNNING
2026-09-12T17:45:27.080466,420.27,213.6,207.4,602.0,0.01,True,local,RUNNING
2026-09-12T17:45:29.327861,422.51,213.6,207.4,602.0,0.01,True,local,RUNNING
2026-09-12T17:45:30.797690,423.98,213.6,207.4,602.0,0.01,True,local,RUNNING
2026-09-12T17:45:32.200175,425.38,213.6,207.4,602.0,0.01,True,local,RUNNING
2026-09-12T17:45:33.323834,426.51,213.6,207.4,602.0,0.01,True,local,RUNNING
2026-09-12T17:45:34.920671,428.11,213.6,207.4,602.0,0.01,True,local,RUNNING
2026-09-12T17:45:36.047435,429.23,213.6,207.4,602.0,0.01,True,local,RUNNING
2026-09-12T17:45:37.537516,430.72,213.6,207.4,602.0,0.01,True,local,RUNNING
2026-09-12T17:45:38.631865,431.82,213.6,207.4,602.0,0.01,True,local,RUNNING
2026-09-12T17:45:40.873096,434.06,213.6,207.4,602.0,0.01,True,local,RUNNING
2026-09-12T17:45:42.267274,435.45,213.6,207.4,602.0,0.01,True,local,RUNNING
2026-09-12T17:45:43.558924,436.74,213.6,207.4,602.0,0.01,True,local,RUNNING
2026-09-12T17:45:44.871077,438.06,213.6,207.4,602.0,0.01,True,local,RUNNING
2026-09-12T17:45:46.117131,439.30,213.6,207.4,602.0,0.01,True,local,RUNNING
2026-09-12T17:45:48.218249,441.40,213.6,207.4,602.0,0.01,True,local,RUNNING
2026-09-12T17:45:49.986565,443.17,213.6,207.4,602.0,0.01,True,local,RUNNING
2026-09-12T17:45:51.146549,444.33,213.6,207.4,602.0,0.01,True,local,RUNNING
2026-09-12T17:45:53.333604,446.52,213.6,207.4,602.0,0.01,True,local,RUNNING
2026-09-12T17:45:54.698682,447.88,213.6,207.4,602.0,0.01,True,local,RUNNING
2026-09-12T17:45:55.829738,449.01,213.6,207.4,602.0,0.01,True,local,RUNNING
2026-09-12T17:45:57.551598,450.74,213.6,207.4,602.0,0.01,True,local,RUNNING
2026-09-12T17:45:59.009163,452.19,213.6,207.4,602.0,0.01,True,local,RUNNING
2026-09-12T17:46:00.340632,453.53,213.6,207.4,602.0,0.01,True,local,RUNNING
2026-09-12T17:46:01.447780,454.63,213.6,207.4,602.0,0.01,True,local,RUNNING
2026-09-12T17:46:02.571875,455.76,213.6,207.4,602.0,0.01,True,local,RUNNING
2026-09-12T17:46:03.999426,457.18,213.6,207.4,602.0,0.01,True,local,RUNNING
2026-09-12T17:46:05.107777,458.29,213.6,207.4,602.0,0.01,True,local,RUNNING
2026-09-12T17:46:06.444031,459.63,213.6,207.4,602.0,0.01,True,local,RUNNING
2026-09-12T17:46:08.054961,461.24,213.6,207.4,602.0,0.01,True,local,RUNNING
2026-09-12T17:46:09.877967,463.06,213.6,207.4,602.0,0.01,True,local,RUNNING
2026-09-12T17:46:11.063122,464.25,213.6,207.4,602.0,0.01,True,local,RUNNING
2026-09-12T17:46:12.450902,465.64,213.6,207.4,602.0,0.01,True,local,RUNNING
2026-09-12T17:46:13.719736,466.90,213.6,207.4,602.0,0.01,True,local,RUNNING
2026-09-12T17:46:15.530227,468.71,213.6,207.4,602.0,0.01,True,local,RUNNING
2026-09-12T17:46:16.716205,469.90,213.6,207.4,602.0,0.01,True,local,RUNNING
2026-09-12T17:46:17.889925,471.07,213.6,207.4,602.0,0.01,True,local,RUNNING
2026-09-12T17:46:18.996418,472.18,213.6,207.4,602.0,0.01,True,local,RUNNING
2026-09-12T17:46:20.930073,474.11,213.6,207.4,602.0,0.01,True,local,RUNNING
2026-09-12T17:46:23.046633,476.23,213.6,207.4,602.0,0.01,True,local,RUNNING
2026-09-12T17:46:24.229688,477.41,213.6,207.4,602.0,0.01,True,local,RUNNING
2026-09-12T17:46:26.631440,479.82,213.6,207.4,602.0,0.01,True,local,RUNNING
2026-09-12T17:46:27.816867,481.00,213.6,207.4,602.0,0.01,True,local,RUNNING
2026-09-12T17:46:28.989552,482.17,213.6,207.4,602.0,0.01,True,local,RUNNING
2026-09-12T17:46:30.889046,484.07,213.6,207.4,602.0,0.01,True,local,RUNNING
2026-09-12T17:46:33.369971,486.55,213.6,207.4,602.0,0.01,True,local,RUNNING
2026-09-12T17:46:35.439613,488.62,213.6,207.4,602.0,0.01,True,local,RUNNING
2026-09-12T17:46:36.635672,489.82,213.6,207.4,602.0,0.01,True,local,RUNNING
2026-09-12T17:46:38.012574,491.20,213.6,207.4,602.0,0.01,True,local,RUNNING
2026-09-12T17:46:39.193442,492.38,213.6,207.4,602.0,0.01,True,local,RUNNING
2026-09-12T17:46:40.862018,494.05,213.6,207.4,602.0,0.01,True,local,RUNNING
2026-09-12T17:46:42.173281,495.36,213.6,207.4,602.0,0.01,True,local,RUNNING
2026-09-12T17:46:43.940124,497.12,213.6,207.4,602.0,0.01,True,local,RUNNING
2026-09-12T17:46:45.109170,498.29,213.6,207.4,602.0,0.01,True,local,RUNNING
2026-09-12T17:46:46.299702,499.48,213.6,207.4,602.0,0.01,True,local,RUNNING
2026-09-12T17:46:47.749138,500.93,213.6,207.4,602.0,0.01,True,local,RUNNING
2026-09-12T17:46:49.659332,502.84,213.6,207.4,602.0,0.01,True,local,RUNNING
2026-09-12T17:46:51.273850,504.46,213.6,207.4,602.0,0.01,True,local,RUNNING
2026-09-12T17:46:52.468742,505.65,213.6,207.4,602.0,0.01,True,local,RUNNING
2026-09-12T17:46:53.762705,506.95,213.6,207.4,602.0,0.01,True,local,RUNNING
2026-09-12T17:46:55.578321,508.76,213.6,207.4,602.0,0.01,True,local,RUNNING
2026-09-12T17:46:57.065132,510.25,213.6,207.4,602.0,0.01,True,local,RUNNING
2026-09-12T17:46:58.712289,511.90,213.6,207.4,602.0,0.01,True,local,RUNNING
2026-09-12T17:47:00.254878,513.44,213.6,207.4,602.0,0.01,True,local,RUNNING
2026-09-12T17:47:02.104970,515.29,213.6,207.4,602.0,0.01,True,local,RUNNING
2026-09-12T17:47:04.270936,517.46,213.6,207.4,602.0,0.01,True,local,RUNNING
2026-09-12T17:47:05.604240,518.79,213.6,207.4,602.0,0.01,True,local,RUNNING
2026-09-12T17:47:07.523674,520.71,213.6,207.4,602.0,0.01,True,local,RUNNING
2026-09-12T17:47:09.092592,522.28,213.6,207.4,602.0,0.01,True,local,RUNNING
2026-09-12T17:47:10.273898,523.46,213.6,207.4,602.0,0.01,True,local,RUNNING
2026-09-12T17:47:12.306217,525.49,213.6,207.4,602.0,0.01,True,local,RUNNING
2026-09-12T17:47:13.574445,526.76,213.6,207.4,602.0,0.01,True,local,RUNNING
2026-09-12T17:47:15.319606,528.50,213.6,207.4,602.0,0.01,True,local,RUNNING
2026-09-12T17:47:17.247847,530.43,213.6,207.4,602.0,0.01,True,local,RUNNING
2026-09-12T17:47:18.437700,531.62,213.6,207.4,602.0,0.01,True,local,RUNNING
2026-09-12T17:47:19.552232,532.74,213.6,207.4,602.0,0.01,True,local,RUNNING
2026-09-12T17:47:20.726927,533.91,213.6,207.4,602.0,0.01,True,local,RUNNING
2026-09-12T17:47:21.930535,535.12,213.6,207.4,602.0,0.01,True,local,RUNNING
2026-09-12T17:47:23.588633,536.77,213.6,207.4,602.0,0.01,True,local,RUNNING
2026-09-12T17:47:25.199431,538.38,213.6,207.4,602.0,0.01,True,local,RUNNING
2026-09-12T17:47:26.330704,539.52,213.6,207.4,602.0,0.01,True,local,RUNNING
2026-09-12T17:47:27.935137,541.12,213.6,207.4,602.0,0.01,True,local,RUNNING
2026-09-12T17:47:29.126544,542.31,119.2,204.5,410.0,0.0,True,local,RUNNING
2026-09-12T17:47:30.292000,543.48,119.2,204.5,410.0,0.01,True,local,RUNNING
2026-09-12T17:47:31.557070,544.74,119.2,204.5,410.0,0.01,True,local,RUNNING
2026-09-12T17:47:33.468165,546.65,119.2,204.5,410.0,0.01,True,local,RUNNING
2026-09-12T17:47:35.662784,548.85,119.2,204.5,410.0,0.01,True,local,RUNNING
2026-09-12T17:47:38.380837,551.57,6.8,205.6,366.0,0.0,True,local,ACTIVE/SOAK
2026-09-12T17:47:40.112256,553.30,6.8,205.6,366.0,0.01,True,local,ACTIVE/SOAK
2026-09-12T17:47:41.289280,554.47,6.8,205.6,366.0,0.01,True,local,ACTIVE/SOAK
2026-09-12T17:47:42.502562,555.69,6.8,205.6,366.0,0.01,True,local,ACTIVE/SOAK
2026-09-12T17:47:43.877452,557.06,119.5,0.0,428.0,0.0,True,local,RUNNING
2026-09-12T17:47:45.123032,558.31,119.5,205.6,428.0,0.01,True,local,RUNNING
2026-09-12T17:47:46.417403,559.60,119.5,205.6,428.0,0.01,True,local,RUNNING
2026-09-12T17:47:47.743765,560.93,119.5,205.6,428.0,0.01,True,local,RUNNING
2026-09-12T17:47:49.858617,563.04,216.3,207.1,330.0,0.0,True,local,RUNNING
2026-09-12T17:47:51.054799,564.24,216.3,207.1,330.0,0.01,True,local,RUNNING
2026-09-12T17:47:52.158109,565.34,216.3,207.1,330.0,0.01,True,local,RUNNING
2026-09-12T17:47:53.344844,566.53,216.3,207.1,330.0,0.01,True,local,RUNNING
2026-09-12T17:47:54.524422,567.71,216.3,207.1,330.0,0.01,True,local,RUNNING
2026-09-12T17:47:55.877628,569.06,6.0,0.0,45.0,0.0,True,local,ACTIVE/SOAK
2026-09-12T17:47:57.172410,570.36,6.0,207.1,45.0,0.01,True,local,ACTIVE/SOAK
2026-09-12T17:47:58.839806,572.02,6.0,207.1,45.0,0.01,True,local,ACTIVE/SOAK
2026-09-12T17:48:00.318215,573.50,6.0,207.1,45.0,0.01,True,local,ACTIVE/SOAK
2026-09-12T17:48:01.571357,574.76,6.0,207.1,45.0,0.01,True,local,ACTIVE/SOAK
2026-09-12T17:48:02.993922,576.18,6.0,207.1,45.0,0.01,True,local,ACTIVE/SOAK
2026-09-12T17:48:04.915699,578.10,6.0,207.1,45.0,0.01,True,local,ACTIVE/SOAK
2026-09-12T17:48:06.142500,579.33,6.0,207.1,45.0,0.01,True,local,ACTIVE/SOAK
2026-09-12T17:48:07.252905,580.44,6.0,207.1,45.0,0.01,True,local,ACTIVE/SOAK
2026-09-12T17:48:08.426802,581.61,6.0,207.1,45.0,0.01,True,local,ACTIVE/SOAK
2026-09-12T17:48:09.620210,582.80,6.0,207.1,45.0,0.01,True,local,ACTIVE/SOAK
2026-09-12T17:48:11.409741,584.59,6.0,207.1,45.0,0.01,True,local,ACTIVE/SOAK
2026-09-12T17:48:12.595588,585.78,6.0,207.1,45.0,0.01,True,local,ACTIVE/SOAK
2026-09-12T17:48:13.844057,587.03,6.0,207.1,45.0,0.01,True,local,ACTIVE/SOAK
2026-09-12T17:48:15.227185,588.41,6.0,207.1,45.0,0.01,True,local,ACTIVE/SOAK
2026-09-12T17:48:16.553075,589.74,6.0,207.1,45.0,0.01,True,local,ACTIVE/SOAK
2026-09-12T17:48:17.721277,590.91,6.0,207.1,45.0,0.01,True,local,ACTIVE/SOAK
2026-09-12T17:48:18.973273,592.16,6.0,207.1,45.0,0.01,True,local,ACTIVE/SOAK
2026-09-12T17:48:21.003644,594.19,6.0,207.1,45.0,0.01,True,local,ACTIVE/SOAK
2026-09-12T17:48:22.192318,595.38,6.0,207.1,45.0,0.01,True,local,ACTIVE/SOAK
2026-09-12T17:48:23.870965,597.06,6.0,207.1,45.0,0.01,True,local,ACTIVE/SOAK
2026-09-12T17:48:25.058745,598.24,6.0,207.1,45.0,0.01,True,local,ACTIVE/SOAK
2026-09-12T17:48:26.648284,599.83,6.0,207.1,45.0,0.01,True,local,ACTIVE/SOAK
2026-09-12T17:48:27.812379,601.00,0.0,204.5,0.0,0.0,True,local,IDLE/OFF
2026-09-12T17:48:28.999274,602.18,0.0,204.5,0.0,0.01,True,local,IDLE/OFF
2026-09-12T17:48:30.569032,603.75,0.0,204.5,0.0,0.01,True,local,IDLE/OFF
2026-09-12T17:48:31.746871,604.93,0.0,204.5,0.0,0.01,True,local,IDLE/OFF
2026-09-12T17:48:32.933802,606.12,0.0,204.5,0.0,0.01,True,local,IDLE/OFF
2026-09-12T17:48:34.116943,607.30,0.0,204.5,0.0,0.01,True,local,IDLE/OFF
2026-09-12T17:48:35.299382,608.48,0.0,204.5,0.0,0.01,True,local,IDLE/OFF
2026-09-12T17:48:37.148863,610.33,0.0,204.5,0.0,0.01,True,local,IDLE/OFF
2026-09-12T17:48:38.342127,611.53,0.0,204.5,0.0,0.01,True,local,IDLE/OFF
2026-09-12T17:48:39.531348,612.72,0.0,204.5,0.0,0.01,True,local,IDLE/OFF
2026-09-12T17:48:40.751777,613.94,0.0,204.5,0.0,0.01,True,local,IDLE/OFF
2026-09-12T17:48:42.577793,615.76,0.0,204.5,0.0,0.01,True,local,IDLE/OFF
2026-09-12T17:48:43.932285,617.12,0.0,204.5,0.0,0.01,True,local,IDLE/OFF
2026-09-12T17:48:45.567084,618.75,0.0,204.5,0.0,0.01,True,local,IDLE/OFF
2026-09-12T17:48:46.753320,619.94,0.0,204.5,0.0,0.01,True,local,IDLE/OFF
2026-09-12T17:48:48.264976,621.45,0.0,204.5,0.0,0.01,True,local,IDLE/OFF
2026-09-12T17:48:49.440389,622.63,0.0,204.5,0.0,0.01,True,local,IDLE/OFF
2026-09-12T17:48:50.621907,623.81,0.0,204.5,0.0,0.01,True,local,IDLE/OFF
2026-09-12T17:48:52.501649,625.69,0.0,204.5,0.0,0.01,True,local,IDLE/OFF
2026-09-12T17:48:55.029302,628.21,0.0,204.5,0.0,0.01,True,local,IDLE/OFF
2026-09-12T17:48:56.275677,629.46,0.0,204.5,0.0,0.01,True,local,IDLE/OFF
2026-09-12T17:48:57.454290,630.64,0.0,204.5,0.0,0.01,True,local,IDLE/OFF
2026-09-12T17:48:58.644174,631.83,0.0,204.5,0.0,0.01,True,local,IDLE/OFF
2026-09-12T17:49:00.277838,633.46,0.0,204.5,0.0,0.01,True,local,IDLE/OFF
2026-09-12T17:49:01.448930,634.63,0.0,204.5,0.0,0.01,True,local,IDLE/OFF
2026-09-12T17:49:02.583534,635.77,0.0,204.5,0.0,0.01,True,local,IDLE/OFF
2026-09-12T17:49:03.688966,636.87,0.0,204.5,0.0,0.01,True,local,IDLE/OFF
2026-09-12T17:49:05.600260,638.79,0.0,204.5,0.0,0.01,True,local,IDLE/OFF
2026-09-12T17:49:06.826818,640.01,0.0,204.5,0.0,0.01,True,local,IDLE/OFF
2026-09-12T17:49:07.968226,641.15,0.0,204.5,0.0,0.01,True,local,IDLE/OFF
2026-09-12T17:49:09.526749,642.71,0.0,204.5,0.0,0.01,True,local,IDLE/OFF
2026-09-12T17:49:10.710262,643.90,0.0,204.5,0.0,0.01,True,local,IDLE/OFF
2026-09-12T17:49:12.356795,645.54,0.0,204.5,0.0,0.01,True,local,IDLE/OFF
2026-09-12T17:49:13.969359,647.15,0.0,204.5,0.0,0.01,True,local,IDLE/OFF
2026-09-12T17:49:15.890671,649.08,0.0,204.5,0.0,0.01,True,local,IDLE/OFF
2026-09-12T17:49:18.052088,651.24,0.0,204.5,0.0,0.01,True,local,IDLE/OFF
2026-09-12T17:49:20.242161,653.43,0.0,204.5,0.0,0.01,True,local,IDLE/OFF
2026-09-12T17:49:22.682128,655.87,0.0,204.5,0.0,0.01,True,local,IDLE/OFF
2026-09-12T17:49:23.850773,657.04,0.0,204.5,0.0,0.01,True,local,IDLE/OFF
2026-09-12T17:49:25.870412,659.06,0.0,204.5,0.0,0.01,True,local,IDLE/OFF
2026-09-12T17:49:27.488638,660.67,0.0,204.5,0.0,0.01,True,local,IDLE/OFF
2026-09-12T17:49:29.083744,662.27,0.0,204.5,0.0,0.01,True,local,IDLE/OFF
2026-09-12T17:49:30.260153,663.44,0.0,204.5,0.0,0.01,True,local,IDLE/OFF
2026-09-12T17:49:31.474151,664.66,0.0,204.5,0.0,0.01,True,local,IDLE/OFF
2026-09-12T17:49:32.574933,665.76,0.0,204.5,0.0,0.01,True,local,IDLE/OFF
2026-09-12T17:49:34.100592,667.29,0.0,204.5,0.0,0.01,True,local,IDLE/OFF
2026-09-12T17:49:35.268906,668.45,99.3,202.7,571.0,0.0,True,local,RUNNING
2026-09-12T17:49:36.762885,669.95,99.3,202.7,571.0,0.01,True,local,RUNNING
2026-09-12T17:49:38.802456,671.99,99.3,202.7,571.0,0.01,True,local,RUNNING
2026-09-12T17:49:39.988748,673.17,199.0,0.0,479.0,0.0,True,local,RUNNING
2026-09-12T17:49:41.181171,674.37,199.0,202.7,479.0,0.01,True,local,RUNNING
2026-09-12T17:49:42.491585,675.68,199.0,202.7,479.0,0.01,True,local,RUNNING
2026-09-12T17:49:44.344403,677.53,199.0,202.7,479.0,0.01,True,local,RUNNING
2026-09-12T17:49:46.571926,679.76,199.0,202.7,479.0,0.01,True,local,RUNNING
2026-09-12T17:49:47.789949,680.97,99.7,203.8,402.0,0.0,True,local,RUNNING
2026-09-12T17:49:49.066812,682.25,99.7,203.8,402.0,0.01,True,local,RUNNING
2026-09-12T17:49:50.705461,683.89,99.7,203.8,402.0,0.01,True,local,RUNNING
2026-09-12T17:49:51.856297,685.04,0.0,0.0,0.0,0.0,True,local,IDLE/OFF
2026-09-12T17:49:53.006822,686.19,0.0,203.8,0.0,0.01,True,local,IDLE/OFF
2026-09-12T17:49:54.763762,687.95,0.0,203.8,0.0,0.01,True,local,IDLE/OFF
2026-09-12T17:49:56.951304,690.14,0.0,203.8,0.0,0.01,True,local,IDLE/OFF
2026-09-12T17:49:58.182700,691.37,0.0,203.8,0.0,0.01,True,local,IDLE/OFF
2026-09-12T17:50:00.376390,693.56,0.0,203.8,0.0,0.01,True,local,IDLE/OFF
2026-09-12T17:50:02.390558,695.58,0.0,203.8,0.0,0.01,True,local,IDLE/OFF
2026-09-12T17:50:04.134275,697.32,0.0,203.8,0.0,0.01,True,local,IDLE/OFF
2026-09-12T17:50:05.428198,698.61,0.0,203.8,0.0,0.01,True,local,IDLE/OFF
2026-09-12T17:50:07.001638,700.19,0.0,203.8,0.0,0.01,True,local,IDLE/OFF
2026-09-12T17:50:08.213202,701.40,0.0,203.8,0.0,0.01,True,local,IDLE/OFF
2026-09-12T17:50:10.395812,703.58,0.0,203.8,0.0,0.01,True,local,IDLE/OFF
2026-09-12T17:50:12.378333,705.56,0.0,203.8,0.0,0.01,True,local,IDLE/OFF
2026-09-12T17:50:13.771829,706.96,0.0,203.8,0.0,0.01,True,local,IDLE/OFF
2026-09-12T17:50:15.112607,708.30,0.0,203.8,0.0,0.01,True,local,IDLE/OFF
2026-09-12T17:50:17.056147,710.24,0.0,203.8,0.0,0.01,True,local,IDLE/OFF
2026-09-12T17:50:18.645218,711.83,0.0,203.8,0.0,0.01,True,local,IDLE/OFF
2026-09-12T17:50:19.753444,712.94,0.0,203.8,0.0,0.01,True,local,IDLE/OFF
2026-09-12T17:50:21.678000,714.86,0.0,203.8,0.0,0.01,True,local,IDLE/OFF
2026-09-12T17:50:22.898173,716.08,0.0,203.8,0.0,0.01,True,local,IDLE/OFF
2026-09-12T17:50:24.602179,717.79,100.0,206.0,34.0,0.0,True,local,RUNNING
2026-09-12T17:50:27.182239,720.37,100.0,206.0,34.0,0.01,True,local,RUNNING
2026-09-12T17:50:28.560758,721.75,0.0,0.0,0.0,0.0,True,local,IDLE/OFF
2026-09-12T17:50:29.794769,722.98,0.0,206.0,0.0,0.01,True,local,IDLE/OFF
2026-09-12T17:50:31.362798,724.55,0.0,206.0,0.0,0.01,True,local,IDLE/OFF
2026-09-12T17:50:33.529864,726.71,0.0,206.0,0.0,0.01,True,local,IDLE/OFF
2026-09-12T17:50:34.660854,727.85,0.0,206.0,0.0,0.01,True,local,IDLE/OFF
2026-09-12T17:50:35.689085,728.87,0.0,206.0,0.0,0.01,True,local,IDLE/OFF
2026-09-12T17:50:37.368465,730.55,0.0,206.0,0.0,0.01,True,local,IDLE/OFF
2026-09-12T17:50:38.849959,732.03,0.0,206.0,0.0,0.01,True,local,IDLE/OFF
2026-09-12T17:50:40.433073,733.62,0.0,206.0,0.0,0.01,True,local,IDLE/OFF
2026-09-12T17:50:41.831445,735.02,0.0,206.0,0.0,0.01,True,local,IDLE/OFF
2026-09-12T17:50:44.062000,737.25,0.0,206.0,0.0,0.01,True,local,IDLE/OFF
2026-09-12T17:50:45.712356,738.90,0.0,206.0,0.0,0.01,True,local,IDLE/OFF
2026-09-12T17:50:46.897920,740.08,0.0,206.0,0.0,0.01,True,local,IDLE/OFF
2026-09-12T17:50:48.690488,741.88,0.0,206.0,0.0,0.01,True,local,IDLE/OFF
2026-09-12T17:50:49.885802,743.07,0.0,206.0,0.0,0.01,True,local,IDLE/OFF
2026-09-12T17:50:51.355746,744.54,0.0,206.0,0.0,0.01,True,local,IDLE/OFF
2026-09-12T17:50:52.767709,745.95,0.0,206.0,0.0,0.01,True,local,IDLE/OFF
2026-09-12T17:50:54.145464,747.33,0.0,206.0,0.0,0.01,True,local,IDLE/OFF
2026-09-12T17:50:55.801874,748.99,0.0,206.0,0.0,0.01,True,local,IDLE/OFF
2026-09-12T17:50:57.161595,750.35,0.0,206.0,0.0,0.01,True,local,IDLE/OFF
2026-09-12T17:50:58.519691,751.70,0.0,206.0,0.0,0.01,True,local,IDLE/OFF
2026-09-12T17:51:00.226543,753.41,0.0,206.0,0.0,0.01,True,local,IDLE/OFF
2026-09-12T17:51:01.421924,754.61,0.0,206.0,0.0,0.01,True,local,IDLE/OFF
2026-09-12T17:51:02.607289,755.79,0.0,206.0,0.0,0.01,True,local,IDLE/OFF
2026-09-12T17:51:03.710793,756.90,0.0,206.0,0.0,0.01,True,local,IDLE/OFF
2026-09-12T17:51:05.741150,758.93,0.0,206.0,0.0,0.01,True,local,IDLE/OFF
2026-09-12T17:51:06.778971,759.96,0.0,206.0,0.0,0.01,True,local,IDLE/OFF
2026-09-12T17:51:08.412760,761.60,0.0,206.0,0.0,0.01,True,local,IDLE/OFF
2026-09-12T17:51:09.777341,762.96,0.0,206.0,0.0,0.01,True,local,IDLE/OFF
2026-09-12T17:51:12.070557,765.26,0.0,206.0,0.0,0.01,True,local,IDLE/OFF
2026-09-12T17:51:14.195407,767.38,0.0,206.0,0.0,0.01,True,local,IDLE/OFF
2026-09-12T17:51:16.451179,769.64,0.0,206.0,0.0,0.01,True,local,IDLE/OFF
2026-09-12T17:51:17.565123,770.75,0.0,206.0,0.0,0.01,True,local,IDLE/OFF
2026-09-12T17:51:19.459438,772.64,97.3,204.9,33.0,0.0,True,local,RUNNING
2026-09-12T17:51:21.402001,774.59,97.3,204.9,33.0,0.01,True,local,RUNNING
2026-09-12T17:51:23.011764,776.20,97.3,204.9,33.0,0.01,True,local,RUNNING
2026-09-12T17:51:24.505230,777.69,97.3,204.9,33.0,0.01,True,local,RUNNING
2026-09-12T17:51:25.948927,779.13,97.3,204.9,33.0,0.01,True,local,RUNNING
2026-09-12T17:51:27.860047,781.04,97.3,204.9,33.0,0.01,True,local,RUNNING
2026-09-12T17:51:30.007731,783.19,97.3,204.9,33.0,0.01,True,local,RUNNING
2026-09-12T17:51:32.307135,785.49,97.3,204.9,33.0,0.01,True,local,RUNNING
2026-09-12T17:51:33.805965,786.99,97.3,204.9,33.0,0.01,True,local,RUNNING
2026-09-12T17:51:35.154848,788.34,97.3,204.9,33.0,0.01,True,local,RUNNING
2026-09-12T17:51:36.178480,789.36,97.3,204.9,33.0,0.01,True,local,RUNNING
2026-09-12T17:51:37.301421,790.49,97.3,204.9,33.0,0.01,True,local,RUNNING
2026-09-12T17:51:38.825837,792.01,97.3,204.9,33.0,0.01,True,local,RUNNING
2026-09-12T17:51:41.047128,794.23,97.3,204.9,33.0,0.01,True,local,RUNNING
2026-09-12T17:51:42.395916,795.58,97.3,204.9,33.0,0.01,True,local,RUNNING
2026-09-12T17:51:44.191955,797.38,97.3,204.9,33.0,0.01,True,local,RUNNING
2026-09-12T17:51:45.390352,798.58,97.3,204.9,33.0,0.01,True,local,RUNNING
2026-09-12T17:51:46.539581,799.72,97.3,204.9,33.0,0.01,True,local,RUNNING
2026-09-12T17:51:47.778064,800.96,97.3,204.9,33.0,0.01,True,local,RUNNING
2026-09-12T17:51:49.756908,802.94,97.3,204.9,33.0,0.01,True,local,RUNNING
2026-09-12T17:51:50.949285,804.13,97.3,204.9,33.0,0.01,True,local,RUNNING
2026-09-12T17:51:53.123468,806.31,97.3,204.9,33.0,0.01,True,local,RUNNING
2026-09-12T17:51:54.296878,807.48,200.8,203.8,34.0,0.0,True,local,RUNNING
2026-09-12T17:51:56.316392,809.50,200.8,203.8,34.0,0.01,True,local,RUNNING
2026-09-12T17:51:58.041771,811.23,200.8,203.8,34.0,0.01,True,local,RUNNING
2026-09-12T17:51:59.235249,812.42,200.8,203.8,34.0,0.01,True,local,RUNNING
2026-09-12T17:52:00.716949,813.90,112.8,0.0,657.0,0.0,True,local,RUNNING
2026-09-12T17:52:02.716850,815.90,112.8,203.8,657.0,0.01,True,local,RUNNING
2026-09-12T17:52:04.123712,817.31,112.8,203.8,657.0,0.01,True,local,RUNNING
2026-09-12T17:52:05.361938,818.55,112.8,203.8,657.0,0.01,True,local,RUNNING
2026-09-12T17:52:07.107466,820.29,112.8,203.8,657.0,0.01,True,local,RUNNING
2026-09-12T17:52:08.635766,821.82,290.3,0.0,1570.0,0.0,True,local,RUNNING
2026-09-12T17:52:10.546234,823.73,290.3,203.8,1570.0,0.01,True,local,RUNNING
2026-09-12T17:52:12.828510,826.01,290.3,203.8,1570.0,0.01,True,local,RUNNING
2026-09-12T17:52:14.640011,827.82,290.3,203.8,1570.0,0.01,True,local,RUNNING
2026-09-12T17:52:15.830479,829.02,202.8,205.6,761.0,0.0,True,local,RUNNING
2026-09-12T17:52:17.929402,831.11,202.8,205.6,761.0,0.01,True,local,RUNNING
2026-09-12T17:52:19.152835,832.34,202.8,205.6,761.0,0.01,True,local,RUNNING
2026-09-12T17:52:20.179745,833.36,202.8,205.6,761.0,0.01,True,local,RUNNING
2026-09-12T17:52:21.455512,834.64,202.8,205.6,761.0,0.01,True,local,RUNNING
2026-09-12T17:52:23.399540,836.58,202.8,205.6,761.0,0.01,True,local,RUNNING
2026-09-12T17:52:24.612094,837.80,0.0,0.0,0.0,0.0,True,local,IDLE/OFF
2026-09-12T17:52:25.658230,838.84,0.0,205.6,0.0,0.01,True,local,IDLE/OFF
2026-09-12T17:52:26.819215,840.00,0.0,205.6,0.0,0.01,True,local,IDLE/OFF
2026-09-12T17:52:27.930641,841.12,0.0,205.6,0.0,0.01,True,local,IDLE/OFF
2026-09-12T17:52:29.802085,842.99,107.5,0.0,377.0,0.0,True,local,RUNNING
2026-09-12T17:52:31.268051,844.45,107.5,205.6,377.0,0.01,True,local,RUNNING
2026-09-12T17:52:32.569712,845.75,107.5,205.6,377.0,0.01,True,local,RUNNING
2026-09-12T17:52:34.500035,847.68,107.5,205.6,377.0,0.01,True,local,RUNNING
2026-09-12T17:52:35.681462,848.87,214.4,0.0,741.0,0.0,True,local,RUNNING
2026-09-12T17:52:36.850161,850.03,214.4,205.6,741.0,0.01,True,local,RUNNING
2026-09-12T17:52:37.952680,851.14,0.0,205.2,0.0,0.0,True,local,IDLE/OFF
2026-09-12T17:52:39.710589,852.90,0.0,205.2,0.0,0.01,True,local,IDLE/OFF
2026-09-12T17:52:40.919775,854.10,0.0,205.2,0.0,0.01,True,local,IDLE/OFF
2026-09-12T17:52:42.339120,855.52,0.0,205.2,0.0,0.01,True,local,IDLE/OFF
2026-09-12T17:52:43.583804,856.77,0.0,205.2,0.0,0.01,True,local,IDLE/OFF
2026-09-12T17:52:45.975357,859.16,0.0,205.2,0.0,0.01,True,local,IDLE/OFF
2026-09-12T17:52:47.004148,860.19,0.0,205.2,0.0,0.01,True,local,IDLE/OFF
2026-09-12T17:52:48.105010,861.29,0.0,205.2,0.0,0.01,True,local,IDLE/OFF
2026-09-12T17:52:50.272018,863.46,0.0,205.2,0.0,0.01,True,local,IDLE/OFF
2026-09-12T17:52:51.789887,864.97,0.0,205.2,0.0,0.01,True,local,IDLE/OFF
2026-09-12T17:52:53.334103,866.52,0.0,205.2,0.0,0.01,True,local,IDLE/OFF
2026-09-12T17:52:54.506419,867.69,0.0,205.2,0.0,0.01,True,local,IDLE/OFF
2026-09-12T17:52:55.759126,868.94,0.0,205.2,0.0,0.01,True,local,IDLE/OFF
2026-09-12T17:52:57.128774,870.31,0.0,205.2,0.0,0.01,True,local,IDLE/OFF
2026-09-12T17:52:58.362865,871.55,0.0,205.2,0.0,0.01,True,local,IDLE/OFF
2026-09-12T17:53:00.085916,873.27,0.0,205.2,0.0,0.01,True,local,IDLE/OFF
2026-09-12T17:53:01.351476,874.54,0.0,205.2,0.0,0.01,True,local,IDLE/OFF
2026-09-12T17:53:03.044802,876.23,0.0,205.2,0.0,0.01,True,local,IDLE/OFF
2026-09-12T17:53:04.238599,877.42,0.0,205.2,0.0,0.01,True,local,IDLE/OFF
2026-09-12T17:53:05.375411,878.56,0.0,205.2,0.0,0.01,True,local,IDLE/OFF
2026-09-12T17:53:06.773387,879.96,0.0,205.2,0.0,0.01,True,local,IDLE/OFF
2026-09-12T17:53:08.107698,881.29,0.0,205.2,0.0,0.01,True,local,IDLE/OFF
2026-09-12T17:53:09.288277,882.47,0.0,205.2,0.0,0.01,True,local,IDLE/OFF
2026-09-12T17:53:10.463316,883.65,0.0,205.2,0.0,0.01,True,local,IDLE/OFF
2026-09-12T17:53:11.896201,885.08,0.0,205.2,0.0,0.01,True,local,IDLE/OFF
2026-09-12T17:53:14.081066,887.27,0.0,205.2,0.0,0.01,True,local,IDLE/OFF
2026-09-12T17:53:16.334271,889.52,0.0,205.2,0.0,0.01,True,local,IDLE/OFF
2026-09-12T17:53:18.721765,891.91,0.0,205.2,0.0,0.01,True,local,IDLE/OFF
2026-09-12T17:53:19.900175,893.08,0.0,205.2,0.0,0.01,True,local,IDLE/OFF
2026-09-12T17:53:22.226105,895.41,0.0,205.2,0.0,0.01,True,local,IDLE/OFF
2026-09-12T17:53:23.709514,896.89,0.0,205.2,0.0,0.01,True,local,IDLE/OFF
2026-09-12T17:53:25.921038,899.11,0.0,205.2,0.0,0.01,True,local,IDLE/OFF
2026-09-12T17:53:28.112431,901.30,0.0,205.2,0.0,0.01,True,local,IDLE/OFF
2026-09-12T17:53:29.606128,902.79,0.0,205.2,0.0,0.01,True,local,IDLE/OFF
2026-09-12T17:53:30.876159,904.06,0.0,205.2,0.0,0.01,True,local,IDLE/OFF
2026-09-12T17:53:32.169641,905.35,0.0,205.2,0.0,0.01,True,local,IDLE/OFF
2026-09-12T17:53:33.335538,906.52,0.0,205.2,0.0,0.01,True,local,IDLE/OFF
2026-09-12T17:53:35.152865,908.34,0.0,205.2,0.0,0.01,True,local,IDLE/OFF
2026-09-12T17:53:36.663092,909.85,0.0,205.2,0.0,0.01,True,local,IDLE/OFF
2026-09-12T17:53:38.045231,911.23,0.0,205.2,0.0,0.01,True,local,IDLE/OFF
2026-09-12T17:53:39.728371,912.91,0.0,205.2,0.0,0.01,True,local,IDLE/OFF
2026-09-12T17:53:40.917302,914.10,0.0,205.2,0.0,0.01,True,local,IDLE/OFF
2026-09-12T17:53:42.318750,915.50,0.0,205.2,0.0,0.01,True,local,IDLE/OFF
2026-09-12T17:53:44.506183,917.69,0.0,205.2,0.0,0.01,True,local,IDLE/OFF
2026-09-12T17:53:46.305719,919.49,0.0,205.2,0.0,0.01,True,local,IDLE/OFF
2026-09-12T17:53:47.465904,920.65,0.0,205.2,0.0,0.01,True,local,IDLE/OFF
2026-09-12T17:53:48.764232,921.95,0.0,205.2,0.0,0.01,True,local,IDLE/OFF
2026-09-12T17:53:49.952946,923.14,0.0,205.2,0.0,0.01,True,local,IDLE/OFF
2026-09-12T17:53:51.678609,924.86,0.0,205.2,0.0,0.01,True,local,IDLE/OFF
2026-09-12T17:53:53.076309,926.26,0.0,205.2,0.0,0.01,True,local,IDLE/OFF
2026-09-12T17:53:54.329702,927.51,0.0,205.2,0.0,0.01,True,local,IDLE/OFF
2026-09-12T17:53:55.671302,928.86,0.0,205.2,0.0,0.01,True,local,IDLE/OFF
2026-09-12T17:53:57.444569,930.63,0.0,205.2,0.0,0.01,True,local,IDLE/OFF
2026-09-12T17:53:58.596304,931.78,0.0,205.2,0.0,0.01,True,local,IDLE/OFF
2026-09-12T17:53:59.975701,933.16,0.0,205.2,0.0,0.01,True,local,IDLE/OFF
2026-09-12T17:54:01.091098,934.28,0.0,205.2,0.0,0.01,True,local,IDLE/OFF
2026-09-12T17:54:02.924007,936.11,0.0,205.2,0.0,0.01,True,local,IDLE/OFF
2026-09-12T17:54:04.122558,937.31,0.0,205.2,0.0,0.01,True,local,IDLE/OFF
2026-09-12T17:54:05.706915,938.89,0.0,205.2,0.0,0.01,True,local,IDLE/OFF
2026-09-12T17:54:06.896876,940.08,0.0,205.2,0.0,0.01,True,local,IDLE/OFF
2026-09-12T17:54:08.282258,941.47,0.0,205.2,0.0,0.01,True,local,IDLE/OFF
2026-09-12T17:54:09.492683,942.68,0.0,205.2,0.0,0.01,True,local,IDLE/OFF
2026-09-12T17:54:11.347665,944.53,0.0,205.2,0.0,0.01,True,local,IDLE/OFF
2026-09-12T17:54:12.519855,945.70,0.0,205.2,0.0,0.01,True,local,IDLE/OFF
2026-09-12T17:54:13.930108,947.11,0.0,205.2,0.0,0.01,True,local,IDLE/OFF
2026-09-12T17:54:15.360346,948.55,0.0,205.2,0.0,0.01,True,local,IDLE/OFF
2026-09-12T17:54:17.488200,950.67,0.0,205.2,0.0,0.01,True,local,IDLE/OFF
2026-09-12T17:54:18.505743,951.69,0.0,205.2,0.0,0.01,True,local,IDLE/OFF
2026-09-12T17:54:19.888878,953.07,0.0,205.2,0.0,0.01,True,local,IDLE/OFF
2026-09-12T17:54:21.724551,954.91,0.0,205.2,0.0,0.01,True,local,IDLE/OFF
2026-09-12T17:54:23.553328,956.74,0.0,205.2,0.0,0.01,True,local,IDLE/OFF
2026-09-12T17:54:24.889647,958.07,118.2,207.4,640.0,0.0,True,local,RUNNING
2026-09-12T17:54:26.081219,959.27,118.2,207.4,640.0,0.01,True,local,RUNNING
2026-09-12T17:54:27.271142,960.46,118.2,207.4,640.0,0.01,True,local,RUNNING
2026-09-12T17:54:28.996788,962.18,118.2,207.4,640.0,0.01,True,local,RUNNING
2026-09-12T17:54:30.170403,963.36,118.2,207.4,640.0,0.01,True,local,RUNNING
2026-09-12T17:54:31.502946,964.69,118.2,207.4,640.0,0.01,True,local,RUNNING
2026-09-12T17:54:32.614268,965.80,118.2,207.4,640.0,0.01,True,local,RUNNING
2026-09-12T17:54:34.115926,967.30,118.2,207.4,640.0,0.01,True,local,RUNNING
2026-09-12T17:54:35.545983,968.73,118.2,207.4,640.0,0.01,True,local,RUNNING
2026-09-12T17:54:36.968604,970.15,118.2,207.4,640.0,0.01,True,local,RUNNING
2026-09-12T17:54:38.162082,971.35,118.2,207.4,640.0,0.01,True,local,RUNNING
2026-09-12T17:54:39.360260,972.55,118.2,207.4,640.0,0.01,True,local,RUNNING
2026-09-12T17:54:41.323289,974.51,118.2,207.4,640.0,0.01,True,local,RUNNING
2026-09-12T17:54:42.515813,975.70,118.2,207.4,640.0,0.01,True,local,RUNNING
2026-09-12T17:54:43.702706,976.89,118.2,207.4,640.0,0.01,True,local,RUNNING
2026-09-12T17:54:44.889170,978.07,118.2,207.4,640.0,0.01,True,local,RUNNING
2026-09-12T17:54:46.503568,979.69,118.2,207.4,640.0,0.01,True,local,RUNNING
2026-09-12T17:54:47.737577,980.92,118.2,207.4,640.0,0.01,True,local,RUNNING
2026-09-12T17:54:48.916834,982.10,118.2,207.4,640.0,0.01,True,local,RUNNING
2026-09-12T17:54:50.034639,983.22,118.2,207.4,640.0,0.01,True,local,RUNNING
2026-09-12T17:54:51.651748,984.84,118.2,207.4,640.0,0.01,True,local,RUNNING
2026-09-12T17:54:53.144403,986.33,118.2,207.4,640.0,0.01,True,local,RUNNING
2026-09-12T17:54:54.346317,987.53,118.2,207.4,640.0,0.01,True,local,RUNNING
2026-09-12T17:54:55.961630,989.15,0.0,206.7,0.0,0.0,True,local,IDLE/OFF
2026-09-12T17:54:58.276792,991.46,0.0,206.7,0.0,0.01,True,local,IDLE/OFF
2026-09-12T17:54:59.452552,992.64,0.0,206.7,0.0,0.01,True,local,IDLE/OFF
2026-09-12T17:55:00.665610,993.85,0.0,206.7,0.0,0.01,True,local,IDLE/OFF
2026-09-12T17:55:02.912682,996.10,0.0,206.7,0.0,0.01,True,local,IDLE/OFF
2026-09-12T17:55:04.162864,997.35,0.0,206.7,0.0,0.01,True,local,IDLE/OFF
2026-09-12T17:55:05.525799,998.71,0.0,206.7,0.0,0.01,True,local,IDLE/OFF
2026-09-12T17:55:07.114486,1000.30,0.0,206.7,0.0,0.01,True,local,IDLE/OFF
2026-09-12T17:55:09.686752,1002.87,0.0,206.7,0.0,0.01,True,local,IDLE/OFF
2026-09-12T17:55:10.796096,1003.98,0.0,206.7,0.0,0.01,True,local,IDLE/OFF
2026-09-12T17:55:12.865787,1006.05,0.0,206.7,0.0,0.01,True,local,IDLE/OFF
2026-09-12T17:55:14.606707,1007.79,0.0,206.7,0.0,0.01,True,local,IDLE/OFF
2026-09-12T17:55:16.409350,1009.59,0.0,206.7,0.0,0.01,True,local,IDLE/OFF
2026-09-12T17:55:18.196730,1011.38,0.0,206.7,0.0,0.01,True,local,IDLE/OFF
2026-09-12T17:55:19.477806,1012.66,0.0,206.7,0.0,0.01,True,local,IDLE/OFF
2026-09-12T17:55:20.959117,1014.14,0.0,206.7,0.0,0.01,True,local,IDLE/OFF
2026-09-12T17:55:22.056939,1015.24,0.0,206.7,0.0,0.01,True,local,IDLE/OFF
2026-09-12T17:55:23.242724,1016.43,0.0,206.7,0.0,0.01,True,local,IDLE/OFF
2026-09-12T17:55:24.457718,1017.64,0.0,206.7,0.0,0.01,True,local,IDLE/OFF
2026-09-12T17:55:26.610584,1019.80,0.0,206.7,0.0,0.01,True,local,IDLE/OFF
2026-09-12T17:55:28.736902,1021.92,0.0,206.7,0.0,0.01,True,local,IDLE/OFF
2026-09-12T17:55:29.925316,1023.11,0.0,206.7,0.0,0.01,True,local,IDLE/OFF
2026-09-12T17:55:31.271940,1024.46,0.0,206.7,0.0,0.01,True,local,IDLE/OFF
2026-09-12T17:55:32.449761,1025.63,0.0,206.7,0.0,0.01,True,local,IDLE/OFF
2026-09-12T17:55:33.608363,1026.79,0.0,206.7,0.0,0.01,True,local,IDLE/OFF
2026-09-12T17:55:35.575346,1028.76,0.0,206.7,0.0,0.01,True,local,IDLE/OFF
2026-09-12T17:55:36.826157,1030.01,5.5,0.0,67.0,0.0,True,local,ACTIVE/SOAK
2026-09-12T17:55:37.848769,1031.03,5.5,206.7,67.0,0.01,True,local,ACTIVE/SOAK
2026-09-12T17:55:39.046359,1032.23,5.5,206.7,67.0,0.01,True,local,ACTIVE/SOAK
2026-09-12T17:55:40.621030,1033.81,5.5,206.7,67.0,0.01,True,local,ACTIVE/SOAK
2026-09-12T17:55:41.791685,1034.98,5.5,206.7,67.0,0.01,True,local,ACTIVE/SOAK
2026-09-12T17:55:43.676906,1036.86,5.5,206.7,67.0,0.01,True,local,ACTIVE/SOAK
2026-09-12T17:55:45.060302,1038.25,5.5,206.7,67.0,0.01,True,local,ACTIVE/SOAK
2026-09-12T17:55:46.351078,1039.54,5.5,206.7,67.0,0.01,True,local,ACTIVE/SOAK
2026-09-12T17:55:47.653848,1040.84,5.5,206.7,67.0,0.01,True,local,ACTIVE/SOAK
2026-09-12T17:55:49.380470,1042.57,5.5,206.7,67.0,0.01,True,local,ACTIVE/SOAK
2026-09-12T17:55:50.564291,1043.75,5.5,206.7,67.0,0.01,True,local,ACTIVE/SOAK
2026-09-12T17:55:51.959730,1045.14,5.5,206.7,67.0,0.01,True,local,ACTIVE/SOAK
2026-09-12T17:55:53.174523,1046.36,5.5,206.7,67.0,0.01,True,local,ACTIVE/SOAK
2026-09-12T17:55:54.495123,1047.68,5.5,206.7,67.0,0.01,True,local,ACTIVE/SOAK
2026-09-12T17:55:55.812075,1049.00,5.5,206.7,67.0,0.01,True,local,ACTIVE/SOAK
2026-09-12T17:55:57.715489,1050.90,5.5,206.7,67.0,0.01,True,local,ACTIVE/SOAK
2026-09-12T17:55:59.020627,1052.21,5.5,206.7,67.0,0.01,True,local,ACTIVE/SOAK
2026-09-12T17:56:01.169407,1054.35,5.5,206.7,67.0,0.01,True,local,ACTIVE/SOAK
2026-09-12T17:56:03.204805,1056.39,5.5,206.7,67.0,0.01,True,local,ACTIVE/SOAK
2026-09-12T17:56:04.394033,1057.58,5.5,206.7,67.0,0.01,True,local,ACTIVE/SOAK
2026-09-12T17:56:05.586476,1058.77,5.5,206.7,67.0,0.01,True,local,ACTIVE/SOAK
2026-09-12T17:56:06.848039,1060.03,5.5,206.7,67.0,0.01,True,local,ACTIVE/SOAK
2026-09-12T17:56:08.657627,1061.84,5.5,206.7,67.0,0.01,True,local,ACTIVE/SOAK
2026-09-12T17:56:09.845533,1063.03,5.5,206.7,67.0,0.01,True,local,ACTIVE/SOAK
2026-09-12T17:56:11.004043,1064.19,5.5,206.7,67.0,0.01,True,local,ACTIVE/SOAK
2026-09-12T17:56:12.029582,1065.21,5.5,206.7,67.0,0.01,True,local,ACTIVE/SOAK
2026-09-12T17:56:13.316422,1066.50,5.5,206.7,67.0,0.01,True,local,ACTIVE/SOAK
2026-09-12T17:56:14.757232,1067.94,5.5,206.7,67.0,0.01,True,local,ACTIVE/SOAK
2026-09-12T17:56:16.206466,1069.39,5.5,206.7,67.0,0.01,True,local,ACTIVE/SOAK
2026-09-12T17:56:17.442495,1070.63,5.5,206.7,67.0,0.01,True,local,ACTIVE/SOAK
2026-09-12T17:56:18.954331,1072.14,5.5,206.7,67.0,0.01,True,local,ACTIVE/SOAK
2026-09-12T17:56:20.693258,1073.88,5.5,206.7,67.0,0.01,True,local,ACTIVE/SOAK
2026-09-12T17:56:21.880290,1075.07,5.5,206.7,67.0,0.01,True,local,ACTIVE/SOAK
2026-09-12T17:56:23.095114,1076.28,0.0,205.2,0.0,0.0,True,local,IDLE/OFF
2026-09-12T17:56:24.708758,1077.89,0.0,205.2,0.0,0.01,True,local,IDLE/OFF
2026-09-12T17:56:25.886959,1079.07,0.0,205.2,0.0,0.01,True,local,IDLE/OFF
2026-09-12T17:56:27.225274,1080.41,0.0,205.2,0.0,0.01,True,local,IDLE/OFF
2026-09-12T17:56:28.511634,1081.70,0.0,205.2,0.0,0.01,True,local,IDLE/OFF
2026-09-12T17:56:29.618824,1082.80,0.0,205.2,0.0,0.01,True,local,IDLE/OFF
2026-09-12T17:56:31.396374,1084.58,0.0,205.2,0.0,0.01,True,local,IDLE/OFF
2026-09-12T17:56:32.781826,1085.97,0.0,205.2,0.0,0.01,True,local,IDLE/OFF
2026-09-12T17:56:33.988128,1087.17,0.0,205.2,0.0,0.01,True,local,IDLE/OFF
2026-09-12T17:56:35.456844,1088.64,0.0,205.2,0.0,0.01,True,local,IDLE/OFF
2026-09-12T17:56:37.165120,1090.35,0.0,205.2,0.0,0.01,True,local,IDLE/OFF
2026-09-12T17:56:38.343493,1091.53,0.0,205.2,0.0,0.01,True,local,IDLE/OFF
2026-09-12T17:56:39.624394,1092.81,0.0,205.2,0.0,0.01,True,local,IDLE/OFF
2026-09-12T17:56:41.047211,1094.23,0.0,205.2,0.0,0.01,True,local,IDLE/OFF
2026-09-12T17:56:42.236200,1095.42,0.0,205.2,0.0,0.01,True,local,IDLE/OFF
2026-09-12T17:56:43.611753,1096.80,0.0,205.2,0.0,0.01,True,local,IDLE/OFF
2026-09-12T17:56:44.735330,1097.92,0.0,205.2,0.0,0.01,True,local,IDLE/OFF
2026-09-12T17:56:46.066766,1099.25,0.0,205.2,0.0,0.01,True,local,IDLE/OFF
2026-09-12T17:56:47.179681,1100.36,0.0,205.2,0.0,0.01,True,local,IDLE/OFF
2026-09-12T17:56:48.383102,1101.57,0.0,205.2,0.0,0.01,True,local,IDLE/OFF
2026-09-12T17:56:50.204612,1103.39,0.0,205.2,0.0,0.01,True,local,IDLE/OFF
2026-09-12T17:56:51.698862,1104.88,0.0,205.2,0.0,0.01,True,local,IDLE/OFF
2026-09-12T17:56:52.907801,1106.09,0.0,205.2,0.0,0.01,True,local,IDLE/OFF
2026-09-12T17:56:54.397468,1107.58,0.0,205.2,0.0,0.01,True,local,IDLE/OFF
2026-09-12T17:56:55.742519,1108.93,308.7,205.6,822.0,0.0,True,local,RUNNING
2026-09-12T17:56:57.836691,1111.02,308.7,205.6,822.0,0.01,True,local,RUNNING
2026-09-12T17:56:59.954789,1113.14,308.7,205.6,822.0,0.01,True,local,RUNNING
2026-09-12T17:57:01.325531,1114.51,308.7,205.6,822.0,0.01,True,local,RUNNING
2026-09-12T17:57:02.952308,1116.14,3.3,0.0,35.0,0.0,True,local,IDLE/OFF
2026-09-12T17:57:04.133118,1117.32,3.3,205.6,35.0,0.01,True,local,IDLE/OFF
2026-09-12T17:57:05.241750,1118.43,3.3,205.6,35.0,0.01,True,local,IDLE/OFF
2026-09-12T17:57:06.667298,1119.85,3.3,205.6,35.0,0.01,True,local,IDLE/OFF
2026-09-12T17:57:08.083926,1121.27,3.3,205.6,35.0,0.01,True,local,IDLE/OFF
2026-09-12T17:57:09.374503,1122.56,333.0,205.2,786.0,0.0,True,local,RUNNING
2026-09-12T17:57:10.833661,1124.02,333.0,205.2,786.0,0.01,True,local,RUNNING
2026-09-12T17:57:12.310527,1125.50,333.0,205.2,786.0,0.01,True,local,RUNNING
2026-09-12T17:57:13.533586,1126.72,333.0,205.2,786.0,0.01,True,local,RUNNING
2026-09-12T17:57:15.734696,1128.92,333.0,205.2,786.0,0.01,True,local,RUNNING
2026-09-12T17:57:16.931994,1130.12,5.7,0.0,33.0,0.0,True,local,ACTIVE/SOAK
2026-09-12T17:57:18.161713,1131.35,5.7,205.2,33.0,0.01,True,local,ACTIVE/SOAK
2026-09-12T17:57:20.001524,1133.19,5.7,205.2,33.0,0.01,True,local,ACTIVE/SOAK
2026-09-12T17:57:21.764725,1134.95,5.7,205.2,33.0,0.01,True,local,ACTIVE/SOAK
2026-09-12T17:57:23.213369,1136.40,5.7,205.2,33.0,0.01,True,local,ACTIVE/SOAK
2026-09-12T17:57:24.621052,1137.81,5.7,205.2,33.0,0.01,True,local,ACTIVE/SOAK
2026-09-12T17:57:26.369060,1139.55,5.7,205.2,33.0,0.01,True,local,ACTIVE/SOAK
2026-09-12T17:57:27.893947,1141.08,5.7,205.2,33.0,0.01,True,local,ACTIVE/SOAK
2026-09-12T17:57:29.086316,1142.27,5.7,205.2,33.0,0.01,True,local,ACTIVE/SOAK
2026-09-12T17:57:30.565181,1143.75,5.7,205.2,33.0,0.01,True,local,ACTIVE/SOAK
2026-09-12T17:57:32.728259,1145.91,5.7,205.2,33.0,0.01,True,local,ACTIVE/SOAK
2026-09-12T17:57:33.871379,1147.06,5.7,205.2,33.0,0.01,True,local,ACTIVE/SOAK
2026-09-12T17:57:36.155504,1149.34,5.7,205.2,33.0,0.01,True,local,ACTIVE/SOAK
2026-09-12T17:57:37.846089,1151.03,5.7,205.2,33.0,0.01,True,local,ACTIVE/SOAK
2026-09-12T17:57:39.804518,1152.99,5.7,205.2,33.0,0.01,True,local,ACTIVE/SOAK
2026-09-12T17:57:41.019545,1154.20,5.7,205.2,33.0,0.01,True,local,ACTIVE/SOAK
2026-09-12T17:57:42.569119,1155.75,5.7,205.2,33.0,0.01,True,local,ACTIVE/SOAK
2026-09-12T17:57:43.744829,1156.93,5.7,205.2,33.0,0.01,True,local,ACTIVE/SOAK
2026-09-12T17:57:45.861525,1159.05,5.7,205.2,33.0,0.01,True,local,ACTIVE/SOAK
2026-09-12T17:57:47.399068,1160.58,5.7,205.2,33.0,0.01,True,local,ACTIVE/SOAK
2026-09-12T17:57:48.801896,1161.99,5.7,205.2,33.0,0.01,True,local,ACTIVE/SOAK
2026-09-12T17:57:49.930073,1163.11,5.7,205.2,33.0,0.01,True,local,ACTIVE/SOAK
2026-09-12T17:57:51.038270,1164.22,5.7,205.2,33.0,0.01,True,local,ACTIVE/SOAK
2026-09-12T17:57:52.973006,1166.16,5.7,205.2,33.0,0.01,True,local,ACTIVE/SOAK
2026-09-12T17:57:54.084266,1167.27,5.7,205.2,33.0,0.01,True,local,ACTIVE/SOAK
2026-09-12T17:57:55.523996,1168.71,5.7,205.2,33.0,0.01,True,local,ACTIVE/SOAK
2026-09-12T17:57:57.820996,1171.01,5.7,205.2,33.0,0.01,True,local,ACTIVE/SOAK
2026-09-12T17:57:59.533303,1172.72,5.7,205.2,33.0,0.01,True,local,ACTIVE/SOAK
2026-09-12T17:58:00.680002,1173.86,5.7,205.2,33.0,0.01,True,local,ACTIVE/SOAK
2026-09-12T17:58:02.167000,1175.35,5.7,205.2,33.0,0.01,True,local,ACTIVE/SOAK
2026-09-12T17:58:03.658109,1176.84,5.7,205.2,33.0,0.01,True,local,ACTIVE/SOAK
2026-09-12T17:58:05.023870,1178.21,5.7,205.2,33.0,0.01,True,local,ACTIVE/SOAK
2026-09-12T17:58:06.299964,1179.48,5.7,205.2,33.0,0.01,True,local,ACTIVE/SOAK
2026-09-12T17:58:08.225706,1181.41,5.7,205.2,33.0,0.01,True,local,ACTIVE/SOAK
2026-09-12T17:58:09.879687,1183.06,5.7,205.2,33.0,0.01,True,local,ACTIVE/SOAK
2026-09-12T17:58:11.069724,1184.25,5.7,205.2,33.0,0.01,True,local,ACTIVE/SOAK
2026-09-12T17:58:12.258756,1185.44,5.7,205.2,33.0,0.01,True,local,ACTIVE/SOAK
2026-09-12T17:58:14.005310,1187.19,5.7,205.2,33.0,0.01,True,local,ACTIVE/SOAK
2026-09-12T17:58:16.048441,1189.23,5.7,205.2,33.0,0.01,True,local,ACTIVE/SOAK
2026-09-12T17:58:17.231613,1190.42,5.7,205.2,33.0,0.01,True,local,ACTIVE/SOAK
2026-09-12T17:58:18.846198,1192.03,5.7,205.2,33.0,0.01,True,local,ACTIVE/SOAK
2026-09-12T17:58:20.210440,1193.40,5.7,205.2,33.0,0.01,True,local,ACTIVE/SOAK
2026-09-12T17:58:22.390200,1195.57,5.7,205.2,33.0,0.01,True,local,ACTIVE/SOAK
2026-09-12T17:58:24.552176,1197.74,5.7,205.2,33.0,0.01,True,local,ACTIVE/SOAK
2026-09-12T17:58:26.379553,1199.56,5.7,205.2,33.0,0.01,True,local,ACTIVE/SOAK
2026-09-12T17:58:27.525581,1200.71,5.7,205.2,33.0,0.01,True,local,ACTIVE/SOAK
2026-09-12T17:58:28.542938,1201.73,5.7,205.2,33.0,0.01,True,local,ACTIVE/SOAK
2026-09-12T17:58:29.667698,1202.85,5.7,205.2,33.0,0.01,True,local,ACTIVE/SOAK
2026-09-12T17:58:32.194542,1205.38,5.7,205.2,33.0,0.01,True,local,ACTIVE/SOAK
2026-09-12T17:58:33.385212,1206.57,5.7,205.2,33.0,0.01,True,local,ACTIVE/SOAK
2026-09-12T17:58:34.827087,1208.01,5.7,205.2,33.0,0.01,True,local,ACTIVE/SOAK
2026-09-12T17:58:35.959998,1209.14,5.7,205.2,33.0,0.01,True,local,ACTIVE/SOAK
2026-09-12T17:58:37.358275,1210.54,5.7,205.2,33.0,0.01,True,local,ACTIVE/SOAK
2026-09-12T17:58:38.746392,1211.93,5.7,205.2,33.0,0.01,True,local,ACTIVE/SOAK
2026-09-12T17:58:39.904486,1213.09,5.7,205.2,33.0,0.01,True,local,ACTIVE/SOAK
2026-09-12T17:58:41.086406,1214.27,5.7,205.2,33.0,0.01,True,local,ACTIVE/SOAK
2026-09-12T17:58:43.687199,1216.87,5.7,205.2,33.0,0.01,True,local,ACTIVE/SOAK
2026-09-12T17:58:44.884452,1218.07,5.7,205.2,33.0,0.01,True,local,ACTIVE/SOAK
2026-09-12T17:58:46.056249,1219.24,5.7,205.2,33.0,0.01,True,local,ACTIVE/SOAK
2026-09-12T17:58:47.615557,1220.80,0.0,202.7,0.0,0.0,True,local,IDLE/OFF
2026-09-12T17:58:49.535302,1222.72,0.0,202.7,0.0,0.01,True,local,IDLE/OFF
2026-09-12T17:58:50.744169,1223.93,0.0,202.7,0.0,0.01,True,local,IDLE/OFF
2026-09-12T17:58:51.914113,1225.10,0.0,202.7,0.0,0.01,True,local,IDLE/OFF
2026-09-12T17:58:52.966333,1226.15,88.6,0.0,759.0,0.0,True,local,RUNNING
2026-09-12T17:58:54.077176,1227.26,88.6,202.7,759.0,0.01,True,local,RUNNING
2026-09-12T17:58:55.682781,1228.87,88.6,202.7,759.0,0.01,True,local,RUNNING
2026-09-12T17:58:56.931298,1230.12,88.6,202.7,759.0,0.01,True,local,RUNNING
2026-09-12T17:58:58.721421,1231.91,9.1,203.8,18.0,0.01,True,local,ACTIVE/SOAK
2026-09-12T17:59:00.190289,1233.38,9.1,203.8,18.0,0.0,True,local,ACTIVE/SOAK
2026-09-12T17:59:02.547323,1235.73,9.1,203.8,18.0,0.01,True,local,ACTIVE/SOAK
2026-09-12T17:59:03.742183,1236.93,9.1,203.8,18.0,0.01,True,local,ACTIVE/SOAK
2026-09-12T17:59:05.459419,1238.64,9.1,203.8,18.0,0.01,True,local,ACTIVE/SOAK
2026-09-12T17:59:06.656659,1239.84,320.1,0.0,19.0,0.0,True,local,RUNNING
2026-09-12T17:59:07.850776,1241.04,320.1,203.8,19.0,0.01,True,local,RUNNING
2026-09-12T17:59:09.225771,1242.41,320.1,203.8,19.0,0.01,True,local,RUNNING
2026-09-12T17:59:11.215686,1244.40,320.1,203.8,19.0,0.01,True,local,RUNNING
2026-09-12T17:59:12.391779,1245.58,3.3,204.9,34.0,0.0,True,local,IDLE/OFF
2026-09-12T17:59:13.549642,1246.73,3.3,204.9,34.0,0.01,True,local,IDLE/OFF
2026-09-12T17:59:14.839320,1248.02,3.3,204.9,34.0,0.01,True,local,IDLE/OFF
2026-09-12T17:59:16.225748,1249.41,3.3,204.9,34.0,0.01,True,local,IDLE/OFF
2026-09-12T17:59:17.888627,1251.07,301.8,0.0,692.0,0.0,True,local,RUNNING
2026-09-12T17:59:19.430774,1252.62,301.8,204.9,692.0,0.01,True,local,RUNNING
2026-09-12T17:59:21.087805,1254.27,301.8,204.9,692.0,0.01,True,local,RUNNING
2026-09-12T17:59:22.799916,1255.98,301.8,204.9,692.0,0.01,True,local,RUNNING
2026-09-12T17:59:24.239289,1257.42,3.6,203.8,34.0,0.0,True,local,IDLE/OFF
2026-09-12T17:59:25.915928,1259.10,3.6,203.8,34.0,0.01,True,local,IDLE/OFF
2026-09-12T17:59:28.238073,1261.42,3.6,203.8,34.0,0.01,True,local,IDLE/OFF
2026-09-12T17:59:29.418809,1262.60,3.6,203.8,34.0,0.01,True,local,IDLE/OFF
2026-09-12T17:59:31.392453,1264.58,232.5,0.0,589.0,0.0,True,local,RUNNING
2026-09-12T17:59:32.573084,1265.76,232.5,203.8,589.0,0.01,True,local,RUNNING
2026-09-12T17:59:34.155903,1267.34,232.5,203.8,589.0,0.01,True,local,RUNNING
2026-09-12T17:59:35.267715,1268.45,232.5,203.8,589.0,0.01,True,local,RUNNING
2026-09-12T17:59:36.810875,1270.00,232.5,203.8,589.0,0.01,True,local,RUNNING
2026-09-12T17:59:37.990493,1271.18,232.5,203.8,589.0,0.01,True,local,RUNNING
2026-09-12T17:59:39.670641,1272.86,232.5,203.8,589.0,0.01,True,local,RUNNING
2026-09-12T17:59:40.856645,1274.04,232.5,203.8,589.0,0.01,True,local,RUNNING
2026-09-12T17:59:42.051222,1275.24,232.5,203.8,589.0,0.01,True,local,RUNNING
2026-09-12T17:59:43.215094,1276.40,232.5,203.8,589.0,0.01,True,local,RUNNING
2026-09-12T17:59:44.960041,1278.14,232.5,203.8,589.0,0.01,True,local,RUNNING
2026-09-12T17:59:46.137893,1279.32,232.5,203.8,589.0,0.01,True,local,RUNNING
2026-09-12T17:59:47.331036,1280.52,232.5,203.8,589.0,0.01,True,local,RUNNING
2026-09-12T17:59:49.126391,1282.31,232.5,203.8,589.0,0.01,True,local,RUNNING
2026-09-12T17:59:50.638944,1283.82,232.5,203.8,589.0,0.01,True,local,RUNNING
2026-09-12T17:59:51.795573,1284.98,232.5,203.8,589.0,0.01,True,local,RUNNING
2026-09-12T17:59:53.045235,1286.23,232.5,203.8,589.0,0.01,True,local,RUNNING
2026-09-12T17:59:54.502126,1287.69,232.5,203.8,589.0,0.01,True,local,RUNNING
2026-09-12T17:59:56.470312,1289.66,232.5,203.8,589.0,0.01,True,local,RUNNING
2026-09-12T17:59:57.654115,1290.84,232.5,203.8,589.0,0.01,True,local,RUNNING
2026-09-12T17:59:59.212870,1292.40,232.5,203.8,589.0,0.01,True,local,RUNNING
2026-09-12T18:00:00.563522,1293.75,232.5,203.8,589.0,0.01,True,local,RUNNING
2026-09-12T18:00:02.807216,1295.99,232.5,203.8,589.0,0.01,True,local,RUNNING
2026-09-12T18:00:03.986524,1297.17,232.5,203.8,589.0,0.01,True,local,RUNNING
2026-09-12T18:00:05.209869,1298.39,232.5,203.8,589.0,0.01,True,local,RUNNING
2026-09-12T18:00:06.830840,1300.02,232.5,203.8,589.0,0.01,True,local,RUNNING
2026-09-12T18:00:08.813803,1302.00,3.2,205.6,32.0,0.0,True,local,IDLE/OFF
2026-09-12T18:00:09.999500,1303.18,3.2,205.6,32.0,0.01,True,local,IDLE/OFF
2026-09-12T18:00:12.197781,1305.38,3.2,205.6,32.0,0.01,True,local,IDLE/OFF
2026-09-12T18:00:14.256412,1307.44,3.2,205.6,32.0,0.01,True,local,IDLE/OFF
2026-09-12T18:00:16.571706,1309.76,240.7,203.8,642.0,0.0,True,local,RUNNING
2026-09-12T18:00:17.898950,1311.08,240.7,203.8,642.0,0.01,True,local,RUNNING
2026-09-12T18:00:19.275165,1312.46,240.7,203.8,642.0,0.01,True,local,RUNNING
2026-09-12T18:00:20.753219,1313.94,240.7,203.8,642.0,0.01,True,local,RUNNING
2026-09-12T18:00:21.933071,1315.12,240.7,203.8,642.0,0.01,True,local,RUNNING
2026-09-12T18:00:23.132199,1316.32,4.0,0.0,32.0,0.0,True,local,IDLE/OFF
2026-09-12T18:00:24.357598,1317.54,4.0,203.8,32.0,0.01,True,local,IDLE/OFF
2026-09-12T18:00:26.169213,1319.35,4.0,203.8,32.0,0.01,True,local,IDLE/OFF
2026-09-12T18:00:27.352503,1320.54,4.0,203.8,32.0,0.01,True,local,IDLE/OFF
2026-09-12T18:00:28.537469,1321.72,4.0,203.8,32.0,0.01,True,local,IDLE/OFF
2026-09-12T18:00:30.006981,1323.19,4.0,203.8,32.0,0.01,True,local,IDLE/OFF
2026-09-12T18:00:31.315083,1324.50,4.0,203.8,32.0,0.01,True,local,IDLE/OFF
2026-09-12T18:00:32.535747,1325.72,4.0,203.8,32.0,0.01,True,local,IDLE/OFF
2026-09-12T18:00:34.198006,1327.38,4.0,203.8,32.0,0.01,True,local,IDLE/OFF
2026-09-12T18:00:36.607074,1329.79,4.0,203.8,32.0,0.01,True,local,IDLE/OFF
2026-09-12T18:00:37.884402,1331.07,4.0,203.8,32.0,0.01,True,local,IDLE/OFF
2026-09-12T18:00:39.354365,1332.54,4.0,203.8,32.0,0.01,True,local,IDLE/OFF
2026-09-12T18:00:40.777929,1333.96,4.0,203.8,32.0,0.01,True,local,IDLE/OFF
2026-09-12T18:00:41.974642,1335.16,4.0,203.8,32.0,0.01,True,local,IDLE/OFF
2026-09-12T18:00:43.217212,1336.40,4.0,203.8,32.0,0.01,True,local,IDLE/OFF
2026-09-12T18:00:44.915833,1338.10,4.0,203.8,32.0,0.01,True,local,IDLE/OFF
2026-09-12T18:00:47.004970,1340.19,4.0,203.8,32.0,0.01,True,local,IDLE/OFF
2026-09-12T18:00:48.576951,1341.76,4.0,203.8,32.0,0.01,True,local,IDLE/OFF
2026-09-12T18:00:49.708849,1342.89,4.0,203.8,32.0,0.01,True,local,IDLE/OFF
2026-09-12T18:00:51.567513,1344.75,4.0,203.8,32.0,0.01,True,local,IDLE/OFF
